district,block,village,land_stats,total_pixels
angul,angul,asanabahal,"{""0"": 4221, ""10"": 5762, ""20"": 72, ""30"": 388, ""40"": 681, ""60"": 287, ""80"": 89}",11500
angul,angul,bhrukundi,"{""0"": 1887, ""10"": 6561}",8448
angul,angul,gopalpur,"{""0"": 6556, ""10"": 4749, ""30"": 437, ""40"": 2878, ""50"": 141, ""60"": 291}",15052
angul,angul,karabira,"{""0"": 3737, ""10"": 3407, ""20"": 20, ""30"": 749, ""40"": 105, ""60"": 170}",8188
angul,angul,salore,"{""0"": 4110, ""10"": 13220, ""20"": 14, ""30"": 1980, ""40"": 731, ""60"": 138}",20193
angul,angul,tarava,"{""0"": 3737, ""10"": 3407, ""20"": 20, ""30"": 749, ""40"": 105, ""60"": 170}",8188
angul,athamallik,amsarmunda,"{""0"": 33075, ""10"": 19930, ""20"": 1239, ""30"": 14593, ""40"": 10308, ""50"": 237, ""60"": 1254, ""80"": 60}",80696
angul,athamallik,ananadapur,"{""0"": 1071, ""10"": 33, ""30"": 1147, ""40"": 1313, ""60"": 20}",3584
angul,athamallik,anandapur,"{""0"": 1071, ""10"": 33, ""30"": 1147, ""40"": 1313, ""60"": 20}",3584
angul,athamallik,bhagamunda,"{""0"": 17224, ""10"": 18050, ""20"": 114, ""30"": 4047, ""40"": 1107, ""50"": 6, ""60"": 276}",40824
angul,athamallik,cherakhandi,"{""0"": 10926, ""10"": 10923, ""20"": 1333, ""30"": 6083, ""40"": 6257, ""50"": 13, ""60"": 425}",35960
angul,athamallik,chintamanipur,"{""0"": 6777, ""10"": 6961, ""20"": 356, ""30"": 253, ""40"": 3248, ""50"": 26, ""60"": 326}",17947
angul,athamallik,damodarpur,"{""0"": 25286, ""10"": 15813, ""20"": 120, ""30"": 2402, ""40"": 9752, ""60"": 4369, ""80"": 1771, ""90"": 1}",59514
angul,athamallik,dinabandhupur,"{""0"": 3383, ""10"": 3483, ""20"": 213, ""30"": 537, ""40"": 1418, ""60"": 314}",9348
angul,athamallik,girida,"{""0"": 20480, ""10"": 9636, ""20"": 135, ""30"": 2949, ""40"": 1312, ""50"": 8, ""60"": 51}",34571
angul,athamallik,hingamandal,"{""0"": 42424, ""10"": 30911, ""20"": 1518, ""30"": 5309, ""40"": 11821, ""50"": 53, ""60"": 379}",92415
angul,athamallik,hinjagola,"{""0"": 26638, ""10"": 29586, ""20"": 7, ""30"": 2069, ""40"": 1151, ""50"": 27, ""60"": 146}",59624
angul,athamallik,jadupur,"{""0"": 2836, ""10"": 576, ""20"": 16, ""30"": 449, ""40"": 4112, ""60"": 105}",8094
angul,athamallik,jarpada,"{""0"": 38253, ""10"": 3910, ""20"": 115, ""30"": 7756, ""40"": 10850, ""50"": 1599, ""60"": 1817, ""80"": 68}",64368
angul,athamallik,jogibandha,"{""0"": 16090, ""10"": 14892, ""20"": 723, ""30"": 4686, ""40"": 4991, ""50"": 29, ""60"": 150, ""80"": 44}",41605
angul,athamallik,kandhapali,"{""0"": 3242, ""10"": 2389, ""20"": 112, ""30"": 580, ""40"": 2656, ""60"": 233}",9212
angul,athamallik,kodasingha,"{""0"": 65926, ""10"": 5054, ""20"": 202, ""30"": 9745, ""40"": 32938, ""50"": 323, ""60"": 6074, ""80"": 16484}",136746
angul,athamallik,nabadipapur,"{""0"": 37402, ""10"": 7460, ""20"": 982, ""30"": 3486, ""40"": 2080, ""50"": 4, ""60"": 102}",51516
angul,athamallik,nilamara,"{""0"": 6244, ""10"": 2346, ""20"": 111, ""30"": 390, ""40"": 4841, ""50"": 4, ""60"": 72}",14008
angul,athamallik,nua,"{""0"": 9052, ""10"": 5837, ""20"": 404, ""30"": 6126, ""40"": 5628, ""50"": 1884, ""60"": 2232, ""90"": 79}",31242
angul,athamallik,pathakhaman,"{""0"": 17446, ""10"": 7874, ""20"": 404, ""30"": 548, ""40"": 10470, ""50"": 83, ""60"": 732, ""80"": 3475}",41032
angul,athamallik,phuluribania,"{""0"": 29916, ""10"": 20763, ""20"": 1643, ""30"": 5006, ""40"": 1907, ""50"": 4, ""60"": 479}",59718
angul,athamallik,sadanandapur,"{""0"": 11570, ""10"": 6177, ""20"": 376, ""30"": 1094, ""40"": 8326, ""50"": 336, ""60"": 1262}",29141
angul,athamallik,sanadudhianali,"{""0"": 26640, ""10"": 13617, ""20"": 789, ""30"": 786, ""40"": 21056, ""50"": 41, ""60"": 1467, ""80"": 640}",65036
angul,athamallik,taleipathar,"{""0"": 41043, ""10"": 40264, ""20"": 2708, ""30"": 12874, ""40"": 9971, ""50"": 37, ""60"": 998, ""80"": 367}",108262
angul,athamallik,thakurgarh,"{""0"": 86572, ""10"": 22524, ""20"": 1146, ""30"": 15914, ""40"": 22283, ""50"": 859, ""60"": 1420}",150718
angul,chhendipada,dahimal,"{""0"": 2292, ""10"": 2140, ""20"": 27, ""30"": 1287, ""40"": 1089, ""50"": 7, ""60"": 163, ""80"": 10}",7015
angul,kaniha,balarampur,"{""0"": 5280, ""10"": 809, ""20"": 161, ""30"": 1563, ""40"": 4365, ""50"": 45, ""60"": 2902}",15125
angul,kaniha,kaliadama,"{""0"": 69236, ""10"": 33914, ""20"": 3572, ""30"": 5672, ""40"": 21873, ""50"": 107, ""60"": 3234}",137608
angul,kaniha,lodhajhari,"{""0"": 44433, ""10"": 54200, ""20"": 2697, ""30"": 10065, ""40"": 14920, ""50"": 94, ""60"": 4691}",131100
angul,kishorenagar,kuruntap,"{""0"": 20636, ""10"": 12294, ""20"": 215, ""30"": 11587, ""40"": 13571, ""50"": 88, ""60"": 883, ""80"": 75}",59349
angul,kishorenagar,manakadachua,"{""0"": 21220, ""10"": 16577, ""20"": 498, ""30"": 10933, ""40"": 3238, ""50"": 9, ""60"": 1201}",53676
angul,kishorenagar,takaba,"{""0"": 43615, ""10"": 42949, ""20"": 952, ""30"": 4084, ""40"": 3611, ""50"": 15, ""60"": 287, ""80"": 55}",95568
angul,pallahara,babundiha,"{""0"": 24712, ""10"": 24738, ""20"": 592, ""30"": 11059, ""40"": 1505, ""60"": 54}",62660
angul,pallahara,badagunda,"{""0"": 47311, ""10"": 40839, ""20"": 918, ""30"": 2541, ""40"": 15849, ""50"": 7, ""60"": 3157}",110622
angul,pallahara,badasada,"{""0"": 144706, ""10"": 71378, ""20"": 1758, ""30"": 4860, ""40"": 44922, ""50"": 714, ""60"": 2894, ""80"": 128}",271360
angul,pallahara,bahadakani,"{""0"": 5931, ""10"": 821, ""20"": 24, ""30"": 119, ""40"": 8293, ""50"": 43, ""60"": 232, ""80"": 119}",15582
angul,pallahara,balibahal,"{""0"": 89232, ""10"": 60511, ""20"": 1483, ""30"": 8431, ""40"": 5680, ""50"": 19, ""60"": 184}",165540
angul,pallahara,banara,"{""0"": 51534, ""10"": 17309, ""20"": 350, ""30"": 1451, ""40"": 7552, ""50"": 138, ""60"": 458}",78792
angul,pallahara,bandhakani,"{""0"": 31740, ""10"": 9415, ""20"": 1637, ""30"": 4520, ""40"": 24607, ""50"": 100, ""60"": 1266, ""80"": 400, ""90"": 27}",73712
angul,pallahara,baradiha,"{""0"": 67129, ""10"": 47768, ""20"": 1195, ""30"": 12033, ""40"": 6044, ""50"": 10, ""60"": 308}",134487
angul,pallahara,barhakudar,"{""0"": 7628, ""10"": 6763, ""20"": 324, ""30"": 1872, ""40"": 11838, ""50"": 174, ""60"": 1400, ""80"": 9}",30008
angul,pallahara,batisuan,"{""0"": 47254, ""10"": 65254, ""20"": 640, ""30"": 4981, ""40"": 44597, ""50"": 1150, ""60"": 2199, ""80"": 69}",166144
angul,pallahara,bhajpur,"{""0"": 34620, ""10"": 24028, ""20"": 624, ""30"": 1005, ""40"": 11832, ""50"": 28, ""60"": 2811, ""80"": 250}",75198
angul,pallahara,bhimakand,"{""0"": 25917, ""10"": 13605, ""20"": 1127, ""30"": 520, ""40"": 2383, ""60"": 66}",43618
angul,pallahara,bhimakanda,"{""0"": 25917, ""10"": 13605, ""20"": 1127, ""30"": 520, ""40"": 2383, ""60"": 66}",43618
angul,pallahara,bishnupur,"{""0"": 17647, ""10"": 16221, ""20"": 160, ""30"": 8297, ""40"": 5302, ""50"": 1, ""60"": 1416, ""80"": 1889, ""90"": 587}",51520
angul,pallahara,boitasari,"{""0"": 12569, ""10"": 4226, ""20"": 103, ""30"": 165, ""40"": 9556, ""50"": 13, ""60"": 368}",27000
angul,pallahara,chadagurujang,"{""0"": 31634, ""10"": 10368, ""20"": 143, ""30"": 7508, ""40"": 60147, ""50"": 551, ""60"": 1867, ""80"": 1738, ""90"": 416}",114372
angul,pallahara,chakradharapur,"{""0"": 9155, ""10"": 9341, ""20"": 38, ""30"": 1111, ""40"": 2134, ""60"": 365}",22144
angul,pallahara,chakradharpur,"{""0"": 9155, ""10"": 9341, ""20"": 38, ""30"": 1111, ""40"": 2134, ""60"": 365}",22144
angul,pallahara,chasagurujang,"{""0"": 31634, ""10"": 10368, ""20"": 143, ""30"": 7508, ""40"": 60147, ""50"": 551, ""60"": 1867, ""80"": 1738, ""90"": 416}",114372
angul,pallahara,chhanchunia,"{""0"": 48546, ""10"": 20237, ""20"": 956, ""30"": 1371, ""40"": 21109, ""50"": 36, ""60"": 3867, ""80"": 556}",96678
angul,pallahara,daipani,"{""0"": 79784, ""10"": 98646, ""20"": 7194, ""30"": 5037, ""40"": 8919, ""50"": 8, ""60"": 300}",199888
angul,pallahara,damodarpur,"{""0"": 25286, ""10"": 15813, ""20"": 120, ""30"": 2402, ""40"": 9752, ""60"": 4369, ""80"": 1771, ""90"": 1}",59514
angul,pallahara,dharipathar,"{""0"": 33049, ""10"": 8668, ""20"": 242, ""30"": 9608, ""40"": 7401, ""50"": 191, ""60"": 333}",59492
angul,pallahara,dwitikrishnapur,"{""0"": 7606, ""10"": 7632, ""20"": 594, ""30"": 566, ""40"": 7742, ""50"": 18, ""60"": 578, ""80"": 64}",24800
angul,pallahara,fuljhari,"{""0"": 27812, ""10"": 8599, ""20"": 197, ""30"": 1087, ""40"": 5058, ""50"": 14, ""60"": 238}",43005
angul,pallahara,ganesarpur,"{""0"": 36084, ""10"": 16684, ""20"": 351, ""30"": 562, ""40"": 2951, ""50"": 10, ""60"": 88}",56730
angul,pallahara,ganeswarpur,"{""0"": 36084, ""10"": 16684, ""20"": 351, ""30"": 562, ""40"": 2951, ""50"": 10, ""60"": 88}",56730
angul,pallahara,ganjeimuni,"{""0"": 45636, ""10"": 17830, ""20"": 584, ""30"": 255, ""40"": 5002, ""50"": 24, ""60"": 1731, ""80"": 2311}",73373
angul,pallahara,godapada,"{""0"": 82839, ""10"": 30331, ""20"": 2617, ""30"": 1069, ""40"": 15230, ""50"": 5, ""60"": 763, ""80"": 82}",132936
angul,pallahara,hatibindha,"{""0"": 20230, ""10"": 34482, ""20"": 143, ""30"": 612, ""40"": 5851, ""50"": 30, ""60"": 590}",61938
angul,pallahara,hatimund,"{""0"": 15957, ""10"": 7798, ""20"": 146, ""30"": 2389, ""40"": 10990, ""50"": 7, ""60"": 465, ""80"": 886, ""90"": 16}",38654
angul,pallahara,illisuan,"{""0"": 9275, ""10"": 4869, ""20"": 182, ""30"": 289, ""40"": 6422, ""60"": 158}",21195
angul,pallahara,jamardihi,"{""0"": 169772, ""10"": 57428, ""20"": 5783, ""30"": 1031, ""40"": 13609, ""50"": 8, ""60"": 319}",247950
angul,pallahara,jambua,"{""0"": 35519, ""10"": 24380, ""20"": 498, ""30"": 585, ""40"": 15895, ""50"": 41, ""60"": 1525, ""80"": 43}",78486
angul,pallahara,jaumibandha,"{""0"": 32076, ""10"": 10117, ""20"": 533, ""30"": 1839, ""40"": 17241, ""50"": 53, ""60"": 1428, ""80"": 168}",63455
angul,pallahara,jharbeda,"{""0"": 26217, ""10"": 14918, ""20"": 4128, ""30"": 1969, ""40"": 14646, ""50"": 73, ""60"": 794}",62745
angul,pallahara,jhimiripali,"{""0"": 117127, ""10"": 52549, ""20"": 415, ""30"": 2949, ""40"": 29531, ""50"": 847, ""60"": 2622}",206040
angul,pallahara,kadambinipur,"{""0"": 10841, ""10"": 9632, ""20"": 87, ""30"": 2236, ""40"": 8842, ""50"": 1, ""60"": 223}",31862
angul,pallahara,kainsiripali,"{""0"": 6151, ""10"": 4566, ""20"": 318, ""30"": 1474, ""40"": 12744, ""50"": 520, ""60"": 1734, ""80"": 126}",27633
angul,pallahara,kaira,"{""0"": 34136, ""10"": 16484, ""20"": 875, ""30"": 8393, ""40"": 4638, ""60"": 112}",64638
angul,pallahara,kamparkala,"{""0"": 27576, ""10"": 20800, ""20"": 923, ""30"": 670, ""40"": 8791, ""50"": 4, ""60"": 986}",59750
angul,pallahara,kamparkila,"{""0"": 27576, ""10"": 20800, ""20"": 923, ""30"": 670, ""40"": 8791, ""50"": 4, ""60"": 986}",59750
angul,pallahara,kantala,"{""0"": 47008, ""10"": 13800, ""20"": 454, ""30"": 644, ""40"": 7965, ""50"": 1111, ""60"": 1579}",72561
angul,pallahara,kantipasi,"{""0"": 22365, ""10"": 13437, ""20"": 163, ""30"": 180, ""40"": 10737, ""50"": 472, ""60"": 1346, ""80"": 104}",48804
angul,pallahara,karadapal,"{""0"": 29161, ""10"": 10632, ""20"": 2282, ""30"": 79, ""40"": 2175, ""60"": 97}",44426
angul,pallahara,kerejenga,"{""0"": 38673, ""10"": 14619, ""20"": 2301, ""30"": 1676, ""40"": 18153, ""50"": 14, ""60"": 452}",75888
angul,pallahara,khanatapashi,"{""0"": 14771, ""10"": 16097, ""20"": 207, ""30"": 486, ""40"": 9900, ""50"": 36, ""60"": 503}",42000
angul,pallahara,khanatapasi,"{""0"": 14771, ""10"": 16097, ""20"": 207, ""30"": 486, ""40"": 9900, ""50"": 36, ""60"": 503}",42000
angul,pallahara,khantapasi,"{""0"": 14771, ""10"": 16097, ""20"": 207, ""30"": 486, ""40"": 9900, ""50"": 36, ""60"": 503}",42000
angul,pallahara,kolipal,"{""0"": 39069, ""10"": 16595, ""20"": 4682, ""30"": 1883, ""40"": 19734, ""60"": 1861}",83824
angul,pallahara,korada,"{""0"": 26018, ""10"": 20430, ""20"": 164, ""30"": 1944, ""40"": 10122, ""60"": 1453}",60131
angul,pallahara,kshetrabasipur,"{""0"": 19718, ""10"": 2582, ""20"": 509, ""30"": 314, ""40"": 9924, ""50"": 205, ""60"": 908}",34160
angul,pallahara,kurtibaspur,"{""0"": 6575, ""10"": 2428, ""20"": 1, ""30"": 23, ""40"": 2866, ""60"": 28}",11921
angul,pallahara,mankadachua,"{""0"": 17700, ""10"": 6835, ""20"": 1021, ""30"": 3397, ""40"": 11280, ""60"": 367}",40600
angul,pallahara,muchurigadiua,"{""0"": 10618, ""10"": 5721, ""20"": 49, ""30"": 1198, ""40"": 12664, ""50"": 11, ""60"": 835}",31096
angul,pallahara,munduribeda,"{""0"": 90712, ""10"": 37692, ""20"": 1730, ""30"": 7832, ""40"": 75784, ""50"": 197, ""60"": 6135, ""80"": 328}",220410
angul,pallahara,nagira,"{""0"": 129069, ""10"": 110292, ""20"": 8775, ""30"": 20312, ""40"": 12206, ""50"": 1, ""60"": 344}",280999
angul,pallahara,namagoan,"{""0"": 13404, ""10"": 4442, ""20"": 597, ""30"": 1082, ""40"": 10696, ""50"": 17, ""60"": 360, ""80"": 2}",30600
angul,pallahara,namgaon,"{""0"": 13404, ""10"": 4442, ""20"": 597, ""30"": 1082, ""40"": 10696, ""50"": 17, ""60"": 360, ""80"": 2}",30600
angul,pallahara,nandijhari,"{""0"": 52435, ""10"": 14187, ""20"": 105, ""30"": 13854, ""40"": 23246, ""50"": 27, ""60"": 1096, ""80"": 35439, ""90"": 779}",141168
angul,pallahara,naungaon,"{""0"": 18811, ""10"": 2176, ""20"": 33, ""30"": 1154, ""40"": 12272, ""50"": 200, ""60"": 564, ""80"": 50}",35260
angul,pallahara,nuagoan,"{""0"": 94923, ""10"": 48099, ""20"": 1171, ""30"": 12053, ""40"": 14625, ""50"": 30, ""60"": 3995, ""80"": 2740, ""90"": 269}",177905
angul,pallahara,nuangaon,"{""0"": 94923, ""10"": 48099, ""20"": 1171, ""30"": 12053, ""40"": 14625, ""50"": 30, ""60"": 3995, ""80"": 2740, ""90"": 269}",177905
angul,pallahara,nuguda,"{""0"": 30325, ""10"": 20673, ""20"": 3916, ""30"": 721, ""40"": 16253, ""50"": 50, ""60"": 1206}",73144
angul,pallahara,paramanandapur,"{""0"": 18142, ""10"": 13839, ""20"": 119, ""30"": 525, ""40"": 5072, ""60"": 1529, ""80"": 333}",39559
angul,pallahara,pattamunda,"{""0"": 43514, ""10"": 50431, ""20"": 1099, ""30"": 3823, ""40"": 14123, ""50"": 7, ""60"": 403}",113400
angul,pallahara,paunsia,"{""0"": 50673, ""10"": 30444, ""20"": 1086, ""30"": 749, ""40"": 11560, ""50"": 7, ""60"": 4915, ""80"": 1006}",100440
angul,pallahara,phulajhari,"{""0"": 27812, ""10"": 8599, ""20"": 197, ""30"": 1087, ""40"": 5058, ""50"": 14, ""60"": 238}",43005
angul,pallahara,pitta,"{""0"": 29141, ""10"": 39903, ""20"": 225, ""30"": 2348, ""40"": 12332, ""50"": 83, ""60"": 4140, ""80"": 86, ""90"": 16}",88274
angul,pallahara,pulajhari,"{""0"": 27812, ""10"": 8599, ""20"": 197, ""30"": 1087, ""40"": 5058, ""50"": 14, ""60"": 238}",43005
angul,pallahara,purunapani,"{""0"": 33788, ""10"": 29540, ""20"": 549, ""30"": 4716, ""40"": 25031, ""50"": 482, ""60"": 3904}",98010
angul,pallahara,rada,"{""0"": 50449, ""10"": 29510, ""20"": 2670, ""30"": 12645, ""40"": 4726, ""60"": 130}",100130
angul,pallahara,raghunathpur,"{""0"": 65822, ""10"": 29788, ""20"": 770, ""30"": 641, ""40"": 16999, ""50"": 7, ""60"": 7521, ""80"": 639}",122187
angul,pallahara,rajadang,"{""0"": 79876, ""10"": 51583, ""20"": 859, ""30"": 4856, ""40"": 28528, ""50"": 263, ""60"": 3651, ""80"": 1387}",171003
angul,pallahara,rajadanga,"{""0"": 79876, ""10"": 51583, ""20"": 859, ""30"": 4856, ""40"": 28528, ""50"": 263, ""60"": 3651, ""80"": 1387}",171003
angul,pallahara,rajamunda,"{""0"": 16604, ""10"": 20094, ""20"": 1943, ""30"": 242, ""40"": 8703, ""50"": 2, ""60"": 358}",47946
angul,pallahara,rajno,"{""0"": 25503, ""10"": 1697, ""20"": 2, ""30"": 214, ""40"": 19475, ""50"": 457, ""60"": 1030, ""90"": 2}",48380
angul,pallahara,ranja,"{""0"": 82443, ""10"": 15199, ""20"": 513, ""30"": 2534, ""40"": 26149, ""50"": 116, ""60"": 1295, ""80"": 251}",128500
angul,pallahara,ranjana,"{""0"": 33137, ""10"": 18176, ""20"": 533, ""30"": 2327, ""40"": 18678, ""50"": 8, ""60"": 582, ""80"": 9}",73450
angul,pallahara,ranjo,"{""0"": 38262, ""10"": 41037, ""20"": 325, ""30"": 2419, ""40"": 27281, ""50"": 70, ""60"": 1197, ""80"": 105}",110696
angul,pallahara,rengali,"{""0"": 116060, ""10"": 77844, ""20"": 587, ""30"": 3226, ""40"": 20806, ""50"": 13, ""60"": 2363, ""80"": 5}",220904
angul,pallahara,rugudidiha,"{""0"": 191067, ""10"": 73890, ""20"": 2972, ""30"": 2335, ""40"": 4518, ""50"": 8, ""60"": 493}",275283
angul,pallahara,saharagurujanga,"{""0"": 138180, ""10"": 116210, ""20"": 1626, ""30"": 14421, ""40"": 67242, ""50"": 331, ""60"": 5826, ""80"": 5398, ""90"": 164}",349398
angul,pallahara,sahargurujang,"{""0"": 138180, ""10"": 116210, ""20"": 1626, ""30"": 14421, ""40"": 67242, ""50"": 331, ""60"": 5826, ""80"": 5398, ""90"": 164}",349398
angul,pallahara,salei,"{""0"": 49512, ""10"": 62193, ""20"": 1240, ""30"": 17363, ""40"": 11554, ""50"": 32, ""60"": 549}",142443
angul,pallahara,samal,"{""0"": 21671, ""10"": 16522, ""20"": 2407, ""30"": 1037, ""40"": 7660, ""50"": 1, ""60"": 192}",49490
angul,pallahara,samiapali,"{""0"": 9626, ""10"": 2868, ""20"": 573, ""30"": 492, ""40"": 6729, ""50"": 8, ""60"": 764}",21060
angul,pallahara,sanda,"{""0"": 26640, ""10"": 13617, ""20"": 789, ""30"": 786, ""40"": 21056, ""50"": 41, ""60"": 1467, ""80"": 640}",65036
angul,pallahara,sandhamunda,"{""0"": 11476, ""10"": 8026, ""20"": 127, ""30"": 120, ""40"": 2799, ""60"": 596}",23144
angul,pallahara,sandhar,"{""0"": 71111, ""10"": 39278, ""20"": 810, ""30"": 10181, ""40"": 9339, ""60"": 105}",130824
angul,pallahara,sankhamur,"{""0"": 79252, ""10"": 62094, ""20"": 747, ""30"": 2943, ""40"": 32552, ""50"": 326, ""60"": 1912}",179826
angul,pallahara,satyagaon,"{""0"": 3511, ""10"": 2165, ""20"": 430, ""30"": 307, ""40"": 2326, ""50"": 6, ""60"": 34, ""80"": 25}",8804
angul,pallahara,satyagoan,"{""0"": 3511, ""10"": 2165, ""20"": 430, ""30"": 307, ""40"": 2326, ""50"": 6, ""60"": 34, ""80"": 25}",8804
angul,pallahara,seegarh,"{""0"": 65881, ""10"": 13343, ""20"": 3977, ""30"": 1790, ""40"": 27127, ""50"": 262, ""60"": 1406, ""80"": 48}",113834
angul,pallahara,siaria,"{""0"": 27162, ""10"": 10975, ""20"": 193, ""30"": 2545, ""40"": 15513, ""50"": 93, ""60"": 869, ""90"": 2}",57352
angul,pallahara,sibida,"{""0"": 78332, ""10"": 58048, ""20"": 1168, ""30"": 13230, ""40"": 5190, ""50"": 8, ""60"": 256}",156232
angul,pallahara,subarnapali,"{""0"": 7608, ""10"": 2685, ""20"": 252, ""30"": 552, ""40"": 5843, ""50"": 371, ""60"": 883, ""80"": 31}",18225
angul,pallahara,sukadepur,"{""0"": 3080, ""10"": 1234, ""20"": 13, ""30"": 173, ""40"": 2371, ""60"": 17}",6888
angul,pallahara,sukadevpur,"{""0"": 3080, ""10"": 1234, ""20"": 13, ""30"": 173, ""40"": 2371, ""60"": 17}",6888
angul,pallahara,susab,"{""0"": 48867, ""10"": 18438, ""20"": 299, ""30"": 9246, ""40"": 36308, ""50"": 17, ""60"": 987, ""80"": 2202, ""90"": 1248}",117612
angul,pallahara,susabanali,"{""0"": 22900, ""10"": 9104, ""20"": 3302, ""30"": 3091, ""40"": 10447, ""50"": 50, ""60"": 234}",49128
angul,pallahara,sushaba,"{""0"": 48867, ""10"": 18438, ""20"": 299, ""30"": 9246, ""40"": 36308, ""50"": 17, ""60"": 987, ""80"": 2202, ""90"": 1248}",117612
angul,pallahara,talabahali,"{""0"": 24668, ""10"": 20528, ""20"": 110, ""30"": 381, ""40"": 5169, ""60"": 181, ""80"": 1}",51038
angul,pallahara,tambur,"{""0"": 63560, ""10"": 34035, ""20"": 1173, ""30"": 1804, ""40"": 26997, ""50"": 23, ""60"": 1311, ""80"": 65}",128968
angul,pallahara,tanugola,"{""0"": 104597, ""10"": 84039, ""20"": 4611, ""30"": 23129, ""40"": 7197, ""50"": 16, ""60"": 307}",223896
angul,pallahara,timi,"{""0"": 22515, ""10"": 26652, ""20"": 3366, ""30"": 751, ""40"": 2846, ""60"": 220}",56350
angul,pallahara,tirib,"{""0"": 15938, ""10"": 14844, ""20"": 54, ""30"": 1326, ""40"": 11506, ""50"": 88, ""60"": 1394}",45150
angul,pallahara,vetia,"{""0"": 1901, ""10"": 2675, ""20"": 607, ""30"": 1153, ""40"": 1386, ""60"": 78}",7800
angul,talcher,barapali,"{""0"": 11707, ""10"": 4883, ""20"": 95, ""30"": 1948, ""40"": 4711, ""50"": 124, ""60"": 734, ""80"": 29}",24231
angul,talcher,godibandha,"{""0"": 79371, ""10"": 18384, ""20"": 398, ""30"": 8904, ""40"": 458, ""60"": 21}",107536
angul,talcher,joragadia,"{""0"": 19257, ""10"": 4642, ""20"": 33, ""30"": 1234, ""40"": 6984, ""50"": 336, ""60"": 710}",33196
baleswar,baliapal,betagadia,"{""0"": 6468, ""10"": 1246, ""30"": 203, ""40"": 3333, ""50"": 8, ""60"": 367}",11625
baleswar,baliapal,jugadiha,"{""0"": 3502, ""10"": 3250, ""30"": 51, ""40"": 5060, ""50"": 25, ""60"": 343, ""90"": 1}",12232
baleswar,jaleswar,kaliko,"{""0"": 103481, ""10"": 30869, ""20"": 1154, ""30"": 3793, ""40"": 45875, ""50"": 117, ""60"": 4299, ""80"": 132}",189720
baleswar,jaleswar,khuard,"{""0"": 100842, ""10"": 59554, ""20"": 3173, ""30"": 15391, ""40"": 82160, ""50"": 205, ""60"": 2548}",263873
baleswar,jaleswar,shyamnagar,"{""0"": 118503, ""10"": 80191, ""20"": 2324, ""30"": 9663, ""40"": 57654, ""50"": 11, ""60"": 2572}",270918
baleswar,jaleswar,sugo,"{""0"": 25577, ""10"": 6276, ""30"": 88, ""40"": 26771, ""50"": 198, ""60"": 250}",59160
baleswar,nilgiri,ambadiha,"{""0"": 1863, ""10"": 971, ""40"": 2574, ""60"": 64}",5472
baleswar,nilgiri,ambajhar,"{""0"": 27689, ""10"": 38073, ""20"": 15, ""30"": 656, ""40"": 6114, ""50"": 28, ""60"": 485}",73060
baleswar,nilgiri,anandapur,"{""0"": 4303, ""10"": 1371, ""30"": 30, ""40"": 4542, ""50"": 2, ""60"": 18}",10266
baleswar,nilgiri,anlapal,"{""0"": 29600, ""10"": 4344, ""30"": 188, ""40"": 18354, ""50"": 3, ""60"": 87}",52576
baleswar,nilgiri,antadahi,"{""0"": 2232, ""10"": 917, ""40"": 2746, ""50"": 5, ""60"": 22}",5922
baleswar,nilgiri,arabandh,"{""0"": 24041, ""10"": 10206, ""20"": 15, ""30"": 3763, ""40"": 19467, ""50"": 8, ""60"": 2027}",59527
baleswar,nilgiri,arbandha,"{""0"": 24041, ""10"": 10206, ""20"": 15, ""30"": 3763, ""40"": 19467, ""50"": 8, ""60"": 2027}",59527
baleswar,nilgiri,asanabani,"{""0"": 4952, ""10"": 3639, ""20"": 24, ""30"": 94, ""40"": 1075, ""60"": 100, ""90"": 173}",10057
baleswar,nilgiri,asanbani,"{""0"": 2215, ""10"": 667, ""20"": 42, ""30"": 67, ""40"": 3487, ""60"": 1, ""90"": 1}",6480
baleswar,nilgiri,ashoknal,"{""0"": 37999, ""10"": 1374, ""20"": 52, ""30"": 1017, ""40"": 14002, ""50"": 28, ""60"": 303, ""80"": 7634}",62409
baleswar,nilgiri,astarukhi,"{""0"": 13180, ""10"": 1721, ""30"": 98, ""40"": 12493, ""50"": 1, ""60"": 178, ""80"": 49}",27720
baleswar,nilgiri,b.,"{""0"": 26285, ""10"": 2115, ""20"": 342, ""30"": 971, ""40"": 22759, ""50"": 315, ""60"": 208, ""90"": 435}",53430
baleswar,nilgiri,babandh,"{""0"": 24041, ""10"": 10206, ""20"": 15, ""30"": 3763, ""40"": 19467, ""50"": 8, ""60"": 2027}",59527
baleswar,nilgiri,babandha,"{""0"": 23956, ""10"": 19853, ""20"": 1, ""30"": 997, ""40"": 8019, ""60"": 1227}",54053
baleswar,nilgiri,badanal,"{""0"": 95019, ""10"": 18876, ""20"": 3, ""30"": 789, ""40"": 62281, ""50"": 397, ""60"": 2247}",179612
baleswar,nilgiri,badheipala,"{""0"": 13287, ""10"": 3670, ""30"": 4, ""40"": 7985, ""50"": 51, ""60"": 1085}",26082
baleswar,nilgiri,baghajanta,"{""0"": 5576, ""10"": 1961, ""30"": 17, ""40"": 5673, ""50"": 7, ""60"": 98}",13332
baleswar,nilgiri,baliajhar,"{""0"": 25672, ""10"": 13893, ""20"": 1, ""30"": 7766, ""40"": 4944, ""50"": 5198, ""60"": 2708, ""80"": 28}",60210
baleswar,nilgiri,balichua,"{""0"": 21028, ""10"": 24, ""20"": 2, ""30"": 19, ""40"": 4930, ""60"": 1172, ""80"": 14961}",42136
baleswar,nilgiri,banasahi,"{""0"": 16035, ""10"": 8338, ""30"": 86, ""40"": 9497, ""50"": 230, ""60"": 446}",34632
baleswar,nilgiri,bandhasahi,"{""0"": 13086, ""10"": 13342, ""20"": 113, ""30"": 725, ""40"": 4538, ""50"": 11, ""60"": 400, ""90"": 391}",32606
baleswar,nilgiri,bankisul,"{""0"": 2720, ""10"": 1600, ""30"": 224, ""40"": 3410, ""60"": 44}",7998
baleswar,nilgiri,barabatiasamil,"{""0"": 1298, ""10"": 37, ""40"": 2822, ""60"": 4}",4161
baleswar,nilgiri,baragadia,"{""0"": 4115, ""10"": 1000, ""30"": 162, ""40"": 5889, ""50"": 13, ""60"": 55}",11234
baleswar,nilgiri,barakheda,"{""0"": 4115, ""10"": 1000, ""30"": 162, ""40"": 5889, ""50"": 13, ""60"": 55}",11234
baleswar,nilgiri,baripal,"{""0"": 10243, ""10"": 2216, ""30"": 463, ""40"": 5834, ""50"": 54, ""60"": 623, ""80"": 819}",20252
baleswar,nilgiri,barudi,"{""0"": 8728, ""10"": 7533, ""20"": 1, ""30"": 23, ""40"": 1246, ""50"": 31, ""60"": 238, ""90"": 12}",17812
baleswar,nilgiri,batisahi,"{""0"": 70767, ""10"": 14692, ""30"": 974, ""40"": 55035, ""50"": 194, ""60"": 1754}",143416
baleswar,nilgiri,bauriora,"{""0"": 64143, ""10"": 6864, ""20"": 2, ""30"": 4098, ""40"": 22716, ""50"": 62, ""60"": 2285}",100170
baleswar,nilgiri,bayarsahi,"{""0"": 10477, ""10"": 6255, ""20"": 6, ""30"": 301, ""40"": 27033, ""50"": 28, ""60"": 442, ""90"": 8}",44550
baleswar,nilgiri,bayasahi,"{""0"": 10477, ""10"": 6255, ""20"": 6, ""30"": 301, ""40"": 27033, ""50"": 28, ""60"": 442, ""90"": 8}",44550
baleswar,nilgiri,begunia,"{""0"": 113603, ""10"": 27106, ""20"": 623, ""30"": 10147, ""40"": 69880, ""50"": 48, ""60"": 1223, ""80"": 58, ""90"": 12}",222700
baleswar,nilgiri,betakata,"{""0"": 110015, ""10"": 128627, ""20"": 82, ""30"": 1903, ""40"": 19261, ""50"": 3, ""60"": 1139}",261030
baleswar,nilgiri,bhagabandh,"{""0"": 23956, ""10"": 19853, ""20"": 1, ""30"": 997, ""40"": 8019, ""60"": 1227}",54053
baleswar,nilgiri,bhalanala,"{""0"": 3714, ""10"": 4516, ""20"": 2, ""40"": 3112, ""50"": 3, ""60"": 196}",11543
baleswar,nilgiri,bhaliaposi,"{""0"": 15639, ""10"": 1817, ""30"": 75, ""40"": 10892, ""50"": 36, ""60"": 185}",28644
baleswar,nilgiri,bhaunriabad,"{""0"": 120077, ""10"": 63169, ""20"": 781, ""30"": 12302, ""40"": 52394, ""50"": 57, ""60"": 1781, ""90"": 11}",250572
baleswar,nilgiri,bholanala,"{""0"": 3714, ""10"": 4516, ""20"": 2, ""40"": 3112, ""50"": 3, ""60"": 196}",11543
baleswar,nilgiri,bholnala,"{""0"": 16152, ""10"": 4311, ""30"": 152, ""40"": 10205, ""60"": 287, ""90"": 1}",31108
baleswar,nilgiri,bholonala,"{""0"": 16152, ""10"": 4311, ""30"": 152, ""40"": 10205, ""60"": 287, ""90"": 1}",31108
baleswar,nilgiri,bhoudia,"{""0"": 2027, ""10"": 2461, ""20"": 1, ""30"": 57, ""40"": 1203, ""50"": 1, ""60"": 154}",5904
baleswar,nilgiri,bhutasimili,"{""0"": 2408, ""10"": 41, ""40"": 4772}",7221
baleswar,nilgiri,bhutasimulia,"{""0"": 7264, ""10"": 2287, ""30"": 160, ""40"": 4731, ""50"": 9, ""60"": 18}",14469
baleswar,nilgiri,buruinsahi,"{""0"": 41020, ""10"": 13109, ""20"": 1, ""30"": 1155, ""40"": 32633, ""50"": 107, ""60"": 743}",88768
baleswar,nilgiri,chakabandha,"{""0"": 4597, ""10"": 646, ""40"": 4710, ""60"": 51}",10004
baleswar,nilgiri,chandipada,"{""0"": 95019, ""10"": 18876, ""20"": 3, ""30"": 789, ""40"": 62281, ""50"": 397, ""60"": 2247}",179612
baleswar,nilgiri,chandipur,"{""0"": 1558, ""10"": 3020, ""20"": 8, ""30"": 159, ""40"": 43, ""50"": 46, ""60"": 185, ""90"": 41}",5060
baleswar,nilgiri,chapalsahi,"{""0"": 41020, ""10"": 13109, ""20"": 1, ""30"": 1155, ""40"": 32633, ""50"": 107, ""60"": 743}",88768
baleswar,nilgiri,chatanasahi,"{""0"": 7129, ""10"": 3963, ""30"": 56, ""40"": 5482, ""50"": 2, ""60"": 146, ""80"": 73}",16851
baleswar,nilgiri,chatrikhunta,"{""0"": 11790, ""10"": 7587, ""30"": 386, ""40"": 11065, ""50"": 38, ""60"": 370}",31236
baleswar,nilgiri,chatripada,"{""0"": 95019, ""10"": 18876, ""20"": 3, ""30"": 789, ""40"": 62281, ""50"": 397, ""60"": 2247}",179612
baleswar,nilgiri,chekamara,"{""0"": 12434, ""10"": 1452, ""30"": 223, ""40"": 4551, ""50"": 242, ""60"": 73}",18975
baleswar,nilgiri,chhatrapada,"{""0"": 95019, ""10"": 18876, ""20"": 3, ""30"": 789, ""40"": 62281, ""50"": 397, ""60"": 2247}",179612
baleswar,nilgiri,dahisahi,"{""0"": 2232, ""10"": 917, ""40"": 2746, ""50"": 5, ""60"": 22}",5922
baleswar,nilgiri,dalimpal,"{""0"": 31608, ""10"": 4823, ""20"": 1, ""30"": 102, ""40"": 11727, ""50"": 20, ""60"": 249}",48530
baleswar,nilgiri,deochkhol,"{""0"": 91799, ""10"": 12570, ""20"": 347, ""30"": 4940, ""40"": 19163, ""50"": 409, ""60"": 1272}",130500
baleswar,nilgiri,desabandha,"{""0"": 3322, ""10"": 1551, ""30"": 176, ""40"": 2095, ""50"": 1, ""60"": 151}",7296
baleswar,nilgiri,deunchakhal,"{""0"": 17352, ""10"": 6190, ""30"": 7, ""40"": 917, ""50"": 38, ""60"": 451}",24955
baleswar,nilgiri,dhabani,"{""0"": 4036, ""10"": 3705, ""30"": 430, ""40"": 1895, ""60"": 87}",10153
baleswar,nilgiri,dhapada,"{""0"": 11624, ""10"": 3895, ""20"": 3, ""30"": 674, ""40"": 3628, ""50"": 193, ""60"": 2144, ""80"": 723, ""90"": 12}",22896
baleswar,nilgiri,dumuria,"{""0"": 21568, ""10"": 2667, ""30"": 1509, ""40"": 14589, ""50"": 84, ""60"": 1324, ""80"": 459}",42200
baleswar,nilgiri,dwarikasuni,"{""0"": 118141, ""10"": 110968, ""30"": 1215, ""40"": 4283, ""50"": 4, ""60"": 2164}",236775
baleswar,nilgiri,gabapal,"{""0"": 2381, ""10"": 1401, ""30"": 234, ""40"": 348, ""60"": 4}",4368
baleswar,nilgiri,gandharipada,"{""0"": 95019, ""10"": 18876, ""20"": 3, ""30"": 789, ""40"": 62281, ""50"": 397, ""60"": 2247}",179612
baleswar,nilgiri,gentasahi,"{""0"": 41020, ""10"": 13109, ""20"": 1, ""30"": 1155, ""40"": 32633, ""50"": 107, ""60"": 743}",88768
baleswar,nilgiri,getasahi,"{""0"": 6319, ""10"": 1446, ""20"": 1, ""30"": 275, ""40"": 6219, ""50"": 2, ""60"": 57}",14319
baleswar,nilgiri,ghuntibania,"{""0"": 4673, ""10"": 431, ""30"": 89, ""40"": 6070, ""60"": 89}",11352
baleswar,nilgiri,ghusurikila,"{""0"": 5099, ""10"": 737, ""40"": 4396, ""50"": 21, ""60"": 39}",10292
baleswar,nilgiri,gobapal,"{""0"": 1859, ""40"": 2764}",4623
baleswar,nilgiri,godisul,"{""0"": 21103, ""10"": 946, ""20"": 3, ""30"": 287, ""40"": 16403, ""50"": 101, ""60"": 344, ""90"": 11}",39198
baleswar,nilgiri,gohira,"{""0"": 11815, ""10"": 3909, ""30"": 133, ""40"": 9818, ""50"": 13, ""60"": 300}",25988
baleswar,nilgiri,gokulapani,"{""0"": 1275, ""10"": 42, ""40"": 3559, ""60"": 15}",4891
baleswar,nilgiri,gudisul,"{""0"": 71456, ""10"": 14638, ""20"": 1, ""30"": 803, ""40"": 52857, ""50"": 108, ""60"": 1041}",140904
baleswar,nilgiri,hadisahi,"{""0"": 41020, ""10"": 13109, ""20"": 1, ""30"": 1155, ""40"": 32633, ""50"": 107, ""60"": 743}",88768
baleswar,nilgiri,hatikut,"{""0"": 6188, ""10"": 1473, ""30"": 3, ""40"": 6098, ""50"": 236, ""60"": 127}",14125
baleswar,nilgiri,hatikuta,"{""0"": 20773, ""10"": 5473, ""30"": 510, ""40"": 26311, ""50"": 18, ""60"": 423}",53508
baleswar,nilgiri,hatimunda,"{""0"": 262288, ""10"": 125410, ""20"": 1554, ""30"": 7972, ""40"": 41785, ""50"": 94, ""60"": 2569}",441672
baleswar,nilgiri,hudisahi,"{""0"": 7587, ""10"": 2172, ""30"": 69, ""40"": 5323, ""60"": 29}",15180
baleswar,nilgiri,hudisai,"{""0"": 2803, ""10"": 965, ""30"": 73, ""40"": 4111}",7952
baleswar,nilgiri,jamaghati,"{""0"": 2089, ""10"": 275, ""30"": 17, ""40"": 1604, ""50"": 3, ""60"": 7}",3995
baleswar,nilgiri,jamudiha,"{""0"": 105231, ""10"": 25869, ""20"": 247, ""30"": 4743, ""40"": 60176, ""50"": 156, ""60"": 6821, ""80"": 347, ""90"": 2}",203592
baleswar,nilgiri,jamughati,"{""0"": 2089, ""10"": 275, ""30"": 17, ""40"": 1604, ""50"": 3, ""60"": 7}",3995
baleswar,nilgiri,jamuna,"{""0"": 49037, ""10"": 27059, ""20"": 113, ""30"": 2927, ""40"": 20618, ""50"": 17, ""60"": 1968, ""80"": 9}",101748
baleswar,nilgiri,jenadahi,"{""0"": 2232, ""10"": 917, ""40"": 2746, ""50"": 5, ""60"": 22}",5922
baleswar,nilgiri,jharanaghaty,"{""0"": 4565, ""30"": 164, ""40"": 5797, ""50"": 1, ""60"": 280, ""90"": 5}",10812
baleswar,nilgiri,jharanasahi,"{""0"": 5123, ""10"": 133, ""30"": 2, ""40"": 8121, ""50"": 8, ""60"": 33}",13420
baleswar,nilgiri,jharanghati,"{""0"": 12791, ""10"": 1069, ""30"": 3, ""40"": 5521, ""60"": 14, ""80"": 70}",19468
baleswar,nilgiri,jighia,"{""0"": 18810, ""10"": 5866, ""20"": 1114, ""30"": 2559, ""40"": 6373, ""60"": 183}",34905
baleswar,nilgiri,kadamsul,"{""0"": 9689, ""40"": 10151}",19840
baleswar,nilgiri,kaduani,"{""0"": 31432, ""10"": 6387, ""20"": 2, ""30"": 1220, ""40"": 18032, ""50"": 45, ""60"": 1005}",58123
baleswar,nilgiri,kaimahudi,"{""0"": 52230, ""10"": 10412, ""20"": 721, ""30"": 689, ""40"": 52483, ""50"": 197, ""60"": 675, ""80"": 6103}",123510
baleswar,nilgiri,kalakad,"{""0"": 9689, ""40"": 10151}",19840
baleswar,nilgiri,kaloni,"{""0"": 27641, ""10"": 2557, ""20"": 1, ""30"": 174, ""40"": 12578, ""50"": 1, ""60"": 67, ""90"": 1}",43020
baleswar,nilgiri,kalyani,"{""0"": 10432, ""10"": 5590, ""30"": 109, ""40"": 6395, ""50"": 46, ""60"": 440, ""90"": 4}",23016
baleswar,nilgiri,kamarkhalia,"{""0"": 11032, ""10"": 3895, ""30"": 832, ""40"": 12410, ""50"": 39, ""60"": 128}",28336
baleswar,nilgiri,kantasimulia,"{""0"": 7264, ""10"": 2287, ""30"": 160, ""40"": 4731, ""50"": 9, ""60"": 18}",14469
baleswar,nilgiri,kanthasimulia,"{""0"": 7264, ""10"": 2287, ""30"": 160, ""40"": 4731, ""50"": 9, ""60"": 18}",14469
baleswar,nilgiri,kelamara,"{""0"": 12434, ""10"": 1452, ""30"": 223, ""40"": 4551, ""50"": 242, ""60"": 73}",18975
baleswar,nilgiri,kellua,"{""0"": 6703, ""10"": 3132, ""30"": 137, ""40"": 18909, ""50"": 398, ""60"": 172, ""80"": 17, ""90"": 16}",29484
baleswar,nilgiri,kendua,"{""0"": 1469, ""10"": 42, ""30"": 29, ""40"": 5219, ""60"": 1}",6760
baleswar,nilgiri,khairinal,"{""0"": 11034, ""10"": 2476, ""40"": 4368, ""50"": 1, ""60"": 531, ""80"": 9}",18419
baleswar,nilgiri,kudumipal,"{""0"": 92, ""10"": 188}",280
baleswar,nilgiri,kunchabania,"{""0"": 21680, ""10"": 12717, ""20"": 1, ""30"": 328, ""40"": 34883, ""50"": 107, ""60"": 198, ""90"": 1}",69915
baleswar,nilgiri,kunchibania,"{""0"": 21680, ""10"": 12717, ""20"": 1, ""30"": 328, ""40"": 34883, ""50"": 107, ""60"": 198, ""90"": 1}",69915
baleswar,nilgiri,kusumia,"{""0"": 8339, ""10"": 2693, ""20"": 1, ""30"": 723, ""40"": 11946, ""50"": 21, ""60"": 157}",23880
baleswar,nilgiri,machhua,"{""0"": 2461, ""10"": 1724, ""30"": 76, ""40"": 1015, ""50"": 80, ""60"": 331, ""90"": 1}",5688
baleswar,nilgiri,mahabalisahi,"{""0"": 34216, ""10"": 996, ""40"": 575, ""60"": 164, ""80"": 17082}",53033
baleswar,nilgiri,mahadevbsahi,"{""0"": 2050, ""10"": 1387, ""30"": 333, ""40"": 3399, ""50"": 8, ""60"": 48}",7225
baleswar,nilgiri,mahadevsahi,"{""0"": 11859, ""10"": 7400, ""30"": 1171, ""40"": 10477, ""50"": 28, ""60"": 127}",31062
baleswar,nilgiri,mahadevsahibhumija,"{""0"": 11859, ""10"": 7400, ""30"": 1171, ""40"": 10477, ""50"": 28, ""60"": 127}",31062
baleswar,nilgiri,mahugadi,"{""0"": 11458, ""10"": 2701, ""40"": 9611, ""50"": 5, ""60"": 95}",23870
baleswar,nilgiri,mahulabani,"{""0"": 7954, ""10"": 2285, ""40"": 5666, ""50"": 5, ""60"": 28, ""90"": 1}",15939
baleswar,nilgiri,matiali,"{""0"": 181277, ""10"": 66849, ""20"": 407, ""30"": 14860, ""40"": 85421, ""50"": 39, ""60"": 3618, ""80"": 245}",352716
baleswar,nilgiri,matilai,"{""0"": 181277, ""10"": 66849, ""20"": 407, ""30"": 14860, ""40"": 85421, ""50"": 39, ""60"": 3618, ""80"": 245}",352716
baleswar,nilgiri,nan,"{""0"": 1834, ""10"": 3, ""40"": 3603}",5440
baleswar,nilgiri,naranpur,"{""0"": 7224, ""10"": 2703, ""30"": 37, ""40"": 4787, ""50"": 296, ""60"": 151}",15198
baleswar,nilgiri,natapada,"{""0"": 12752, ""10"": 3878, ""30"": 158, ""40"": 13401, ""50"": 112, ""60"": 278, ""80"": 46}",30625
baleswar,nilgiri,nuasahi,"{""0"": 7643, ""10"": 831, ""30"": 81, ""40"": 2439, ""60"": 1158, ""80"": 902}",13054
baleswar,nilgiri,patharagumura,"{""0"": 10762, ""10"": 5482, ""30"": 64, ""40"": 16442, ""50"": 24, ""60"": 327, ""90"": 7}",33108
baleswar,nilgiri,pathargumura,"{""0"": 21568, ""10"": 2667, ""30"": 1509, ""40"": 14589, ""50"": 84, ""60"": 1324, ""80"": 459}",42200
baleswar,nilgiri,pithahata,"{""0"": 32696, ""10"": 9533, ""20"": 12, ""30"": 2282, ""40"": 34558, ""50"": 89, ""60"": 975}",80145
baleswar,nilgiri,putibandha,"{""0"": 3322, ""10"": 1551, ""30"": 176, ""40"": 2095, ""50"": 1, ""60"": 151}",7296
baleswar,nilgiri,rabighat,"{""0"": 12791, ""10"": 1069, ""30"": 3, ""40"": 5521, ""60"": 14, ""80"": 70}",19468
baleswar,nilgiri,rabighut,"{""0"": 27561, ""10"": 40639, ""20"": 6249, ""30"": 22941, ""40"": 23502, ""50"": 21, ""60"": 1055}",121968
baleswar,nilgiri,ramasinghasahi,"{""0"": 41020, ""10"": 13109, ""20"": 1, ""30"": 1155, ""40"": 32633, ""50"": 107, ""60"": 743}",88768
baleswar,nilgiri,ramasinghsahi,"{""0"": 41020, ""10"": 13109, ""20"": 1, ""30"": 1155, ""40"": 32633, ""50"": 107, ""60"": 743}",88768
baleswar,nilgiri,ramsingsahi,"{""0"": 41020, ""10"": 13109, ""20"": 1, ""30"": 1155, ""40"": 32633, ""50"": 107, ""60"": 743}",88768
baleswar,nilgiri,rangamatia,"{""0"": 1851, ""10"": 1040, ""20"": 8, ""30"": 289, ""40"": 4703, ""60"": 425}",8316
baleswar,nilgiri,rissia,"{""0"": 124353, ""10"": 112579, ""20"": 286, ""30"": 5111, ""40"": 32661, ""50"": 15, ""60"": 5101, ""80"": 205, ""90"": 9}",280320
baleswar,nilgiri,rissia(badheipala),"{""0"": 124353, ""10"": 112579, ""20"": 286, ""30"": 5111, ""40"": 32661, ""50"": 15, ""60"": 5101, ""80"": 205, ""90"": 9}",280320
baleswar,nilgiri,rissia(kaimahudi),"{""0"": 124353, ""10"": 112579, ""20"": 286, ""30"": 5111, ""40"": 32661, ""50"": 15, ""60"": 5101, ""80"": 205, ""90"": 9}",280320
baleswar,nilgiri,saganal,"{""0"": 23756, ""10"": 11069, ""30"": 5136, ""40"": 22638, ""50"": 222, ""60"": 827}",63648
baleswar,nilgiri,saganala,"{""0"": 16152, ""10"": 4311, ""30"": 152, ""40"": 10205, ""60"": 287, ""90"": 1}",31108
baleswar,nilgiri,saharadihi,"{""0"": 9630, ""10"": 1462, ""30"": 69, ""40"": 5407, ""50"": 8, ""60"": 84}",16660
baleswar,nilgiri,sananuagan,"{""0"": 5138, ""10"": 1491, ""30"": 13, ""40"": 3971, ""50"": 5, ""60"": 82}",10700
baleswar,nilgiri,sarishakanda,"{""0"": 46934, ""10"": 8574, ""30"": 2383, ""40"": 16140, ""60"": 779, ""80"": 978, ""90"": 1}",75789
baleswar,nilgiri,saruchampa,"{""0"": 3182, ""10"": 3139, ""30"": 19, ""40"": 2127, ""50"": 4, ""60"": 90, ""90"": 63}",8624
baleswar,nilgiri,saruphinka,"{""0"": 54453, ""10"": 4239, ""20"": 5, ""30"": 2346, ""40"": 58035, ""50"": 1229, ""60"": 1184, ""80"": 362, ""90"": 2071}",123924
baleswar,nilgiri,siadimal,"{""0"": 47598, ""10"": 11748, ""20"": 40, ""30"": 1977, ""40"": 27200, ""50"": 22, ""60"": 707, ""80"": 17}",89309
baleswar,nilgiri,siarimal,"{""0"": 27983, ""10"": 14407, ""20"": 131, ""30"": 754, ""40"": 6346, ""50"": 11, ""60"": 752}",50384
baleswar,nilgiri,sinduria,"{""0"": 22465, ""10"": 9296, ""30"": 240, ""40"": 13962, ""50"": 801, ""60"": 1492}",48256
baleswar,nilgiri,sirsasahi,"{""0"": 14384, ""10"": 3368, ""30"": 3, ""40"": 6589, ""50"": 3, ""60"": 77}",24424
baleswar,nilgiri,sorisakanda,"{""0"": 46934, ""10"": 8574, ""30"": 2383, ""40"": 16140, ""60"": 779, ""80"": 978, ""90"": 1}",75789
baleswar,nilgiri,sripati,"{""0"": 1729, ""40"": 3089}",4818
baleswar,nilgiri,tagulusahi,"{""0"": 41020, ""10"": 13109, ""20"": 1, ""30"": 1155, ""40"": 32633, ""50"": 107, ""60"": 743}",88768
baleswar,nilgiri,talaashokanala,"{""0"": 3714, ""10"": 4516, ""20"": 2, ""40"": 3112, ""50"": 3, ""60"": 196}",11543
baleswar,nilgiri,tasarada,"{""0"": 95019, ""10"": 18876, ""20"": 3, ""30"": 789, ""40"": 62281, ""50"": 397, ""60"": 2247}",179612
baleswar,nilgiri,tasarda,"{""0"": 10741, ""10"": 5508, ""30"": 235, ""40"": 16228, ""50"": 29, ""60"": 126, ""90"": 1}",32868
baleswar,nilgiri,telipal,"{""0"": 29497, ""10"": 9929, ""30"": 1523, ""40"": 15916, ""50"": 29, ""60"": 450}",57344
baleswar,nilgiri,telipal-2,"{""0"": 29497, ""10"": 9929, ""30"": 1523, ""40"": 15916, ""50"": 29, ""60"": 450}",57344
baleswar,nilgiri,tenda,"{""0"": 16753, ""10"": 9448, ""30"": 601, ""40"": 10301, ""50"": 3, ""60"": 241}",37347
baleswar,nilgiri,tentulapada,"{""0"": 5772, ""10"": 2010, ""30"": 50, ""40"": 5618, ""50"": 98, ""60"": 227}",13775
baleswar,nilgiri,tiakata,"{""0"": 19694, ""10"": 38, ""40"": 10528}",30260
baleswar,nilgiri,tiakata(bhalukasuni),"{""0"": 4720, ""10"": 1550, ""40"": 2133, ""60"": 21}",8424
baleswar,nilgiri,tiakata(kalakad),"{""0"": 1567, ""10"": 10, ""40"": 2773}",4350
baleswar,nilgiri,tiakata(sajanagarh),"{""0"": 80392, ""10"": 15205, ""20"": 5, ""30"": 1523, ""40"": 24856, ""50"": 76, ""60"": 884, ""90"": 11}",122952
baleswar,nilgiri,tulasidiha,"{""0"": 5591, ""10"": 855, ""30"": 89, ""40"": 7449, ""50"": 26, ""60"": 32}",14042
baleswar,nilgiri,tulunkadab,"{""0"": 9689, ""40"": 10151}",19840
baleswar,oupada,baunsabania,"{""0"": 24971, ""10"": 8064, ""20"": 9, ""30"": 628, ""40"": 26894, ""50"": 9, ""60"": 380}",60955
baleswar,oupada,baunshabania,"{""0"": 24971, ""10"": 8064, ""20"": 9, ""30"": 628, ""40"": 26894, ""50"": 9, ""60"": 380}",60955
baleswar,oupada,bishnupur,"{""0"": 119, ""10"": 175}",294
baleswar,oupada,hatikholia,"{""0"": 44941, ""10"": 17082, ""30"": 141, ""40"": 12309, ""60"": 147}",74620
baleswar,oupada,kandagaradi,"{""0"": 115087, ""10"": 8637, ""20"": 13, ""30"": 595, ""40"": 33054, ""50"": 60, ""60"": 1000}",158446
baleswar,oupada,kandagaradihi,"{""0"": 115087, ""10"": 8637, ""20"": 13, ""30"": 595, ""40"": 33054, ""50"": 60, ""60"": 1000}",158446
baleswar,oupada,khulia,"{""0"": 44941, ""10"": 17082, ""30"": 141, ""40"": 12309, ""60"": 147}",74620
baleswar,oupada,managarh,"{""0"": 7450, ""10"": 2653, ""30"": 154, ""40"": 6594, ""50"": 13, ""60"": 236}",17100
baleswar,oupada,mukundapur,"{""0"": 16642, ""10"": 3306, ""30"": 56, ""40"": 6116, ""50"": 15, ""60"": 433}",26568
baleswar,oupada,ranipokhari,"{""0"": 135998, ""10"": 126705, ""20"": 15, ""30"": 667, ""40"": 1845, ""60"": 90}",265320
baleswar,simulia,ada,"{""0"": 95019, ""10"": 18876, ""20"": 3, ""30"": 789, ""40"": 62281, ""50"": 397, ""60"": 2247}",179612
baleswar,simulia,chhatrapur,"{""0"": 11196, ""10"": 2735, ""30"": 84, ""40"": 12884, ""50"": 94, ""60"": 274}",27267
ganjam,beguniapada,b.nuasahi,"{""0"": 2863, ""10"": 2123, ""20"": 3, ""30"": 31, ""40"": 1830, ""50"": 2, ""60"": 520}",7372
ganjam,beguniapada,baidipada,"{""0"": 22562, ""10"": 10846, ""20"": 91, ""30"": 139, ""40"": 385, ""60"": 81}",34104
ganjam,beguniapada,bankimal,"{""0"": 14633, ""10"": 8292, ""20"": 31, ""30"": 2410, ""40"": 14313, ""50"": 226, ""60"": 334, ""80"": 3231}",43470
ganjam,beguniapada,bincha,"{""0"": 3388, ""10"": 3534, ""20"": 84, ""30"": 428, ""40"": 1349, ""60"": 31}",8814
ganjam,beguniapada,chunchipada,"{""0"": 11711, ""10"": 3312, ""30"": 75, ""40"": 192, ""50"": 2, ""60"": 53}",15345
ganjam,beguniapada,d.nuasahia,"{""0"": 1076, ""10"": 1372, ""30"": 32}",2480
ganjam,beguniapada,dhabhabania,"{""0"": 1226, ""10"": 4147, ""20"": 26, ""30"": 179, ""40"": 705, ""50"": 11, ""60"": 54}",6348
ganjam,beguniapada,janibili,"{""0"": 206, ""10"": 409, ""40"": 1}",616
ganjam,beguniapada,jokalundi,"{""0"": 6965, ""10"": 11188, ""20"": 32, ""30"": 248, ""40"": 1473, ""50"": 6, ""60"": 40}",19952
ganjam,beguniapada,raipada,"{""0"": 1618, ""10"": 481, ""40"": 2217}",4316
ganjam,beguniapada,soradapalli,"{""0"": 3258, ""10"": 1122, ""20"": 4, ""30"": 152, ""40"": 1351, ""50"": 2, ""60"": 27}",5916
ganjam,beguniapada,telimala,"{""0"": 24815, ""10"": 1391, ""20"": 75, ""30"": 1903, ""40"": 20872, ""50"": 74, ""60"": 563, ""80"": 1358}",51051
ganjam,belaguntha,bankaledi,"{""0"": 14633, ""10"": 8292, ""20"": 31, ""30"": 2410, ""40"": 14313, ""50"": 226, ""60"": 334, ""80"": 3231}",43470
ganjam,belaguntha,kanteipalli,"{""0"": 34418, ""10"": 11657, ""20"": 25, ""30"": 747, ""40"": 27818, ""50"": 887, ""60"": 707, ""80"": 322}",76581
ganjam,bhanjanagar,(bajrakote),"{""0"": 42267, ""10"": 27914, ""20"": 12, ""30"": 3680, ""40"": 11803, ""60"": 209}",85885
ganjam,bhanjanagar,(nuapalli),"{""0"": 11589, ""10"": 3874, ""20"": 12, ""30"": 2760, ""40"": 6547, ""50"": 101, ""60"": 1034}",25917
ganjam,bhanjanagar,a),"{""0"": 49457, ""10"": 5506, ""30"": 307, ""40"": 20693, ""50"": 43, ""60"": 236}",76242
ganjam,bhanjanagar,baibali,"{""0"": 118752, ""10"": 41083, ""20"": 114, ""30"": 6374, ""40"": 21449, ""50"": 4, ""60"": 532}",188308
ganjam,bhanjanagar,baibali(baragaon),"{""0"": 118752, ""10"": 41083, ""20"": 114, ""30"": 6374, ""40"": 21449, ""50"": 4, ""60"": 532}",188308
ganjam,bhanjanagar,barakuda,"{""0"": 33882, ""10"": 6195, ""20"": 7, ""30"": 670, ""40"": 20266, ""50"": 380, ""60"": 344, ""80"": 473}",62217
ganjam,bhanjanagar,bhaluguda,"{""0"": 6160, ""10"": 3636, ""20"": 10, ""30"": 1726, ""40"": 3497, ""60"": 75}",15104
ganjam,bhanjanagar,chadheyapalli,"{""0"": 8597, ""10"": 2186, ""30"": 139, ""40"": 4254, ""50"": 13, ""60"": 7}",15196
ganjam,bhanjanagar,dadaralunda,"{""0"": 92137, ""10"": 28135, ""20"": 53, ""30"": 16217, ""40"": 37633, ""50"": 526, ""60"": 1431, ""80"": 103}",176235
ganjam,bhanjanagar,dhaumundia,"{""0"": 20232, ""10"": 4727, ""20"": 29, ""30"": 1176, ""40"": 2136, ""60"": 49, ""80"": 5433, ""90"": 356}",34138
ganjam,bhanjanagar,durgaprasad(mitriki,"{""0"": 38729, ""10"": 19480, ""20"": 72, ""30"": 2640, ""40"": 3435, ""50"": 233, ""60"": 190}",64779
ganjam,bhanjanagar,g.,"{""0"": 7215, ""10"": 931, ""30"": 3, ""40"": 10474, ""50"": 26, ""60"": 47}",18696
ganjam,bhanjanagar,ghantaradiha,"{""0"": 3165, ""10"": 3294, ""30"": 19, ""40"": 14, ""60"": 18}",6510
ganjam,bhanjanagar,hatadhepa,"{""0"": 73394, ""10"": 5247, ""30"": 1408, ""40"": 4812, ""50"": 9, ""60"": 273}",85143
ganjam,bhanjanagar,jamadanda,"{""0"": 25261, ""10"": 12191, ""20"": 99, ""30"": 2268, ""40"": 13264, ""50"": 112, ""60"": 512, ""80"": 761}",54468
ganjam,bhanjanagar,kendupalli,"{""0"": 15484, ""10"": 1469, ""20"": 7, ""30"": 236, ""40"": 5485, ""60"": 17}",22698
ganjam,bhanjanagar,khurudugochha,"{""0"": 9233, ""10"": 2409, ""20"": 101, ""30"": 796, ""40"": 8206, ""50"": 72, ""60"": 408, ""80"": 23}",21248
ganjam,bhanjanagar,kiridikupa,"{""0"": 38166, ""10"": 40277, ""20"": 342, ""30"": 3328, ""40"": 63}",82176
ganjam,bhanjanagar,lunabali,"{""0"": 40899, ""10"": 10371, ""30"": 1041, ""40"": 52917, ""50"": 305, ""60"": 1622, ""80"": 3032, ""90"": 7}",110194
ganjam,bhanjanagar,narangipalli,"{""0"": 9091, ""10"": 3923, ""20"": 26, ""30"": 1271, ""40"": 10414, ""50"": 205, ""60"": 311, ""80"": 1474}",26715
ganjam,bhanjanagar,narigochha,"{""0"": 60041, ""10"": 18034, ""20"": 18, ""30"": 7146, ""40"": 29517, ""50"": 86, ""60"": 288}",115130
ganjam,bhanjanagar,rajakundupalli,"{""0"": 21437, ""10"": 10604, ""20"": 14, ""30"": 3589, ""40"": 23278, ""50"": 203, ""60"": 623, ""80"": 143}",59891
ganjam,bhanjanagar,ranikiari,"{""0"": 29452, ""10"": 9265, ""20"": 25, ""30"": 2873, ""40"": 19135, ""50"": 44, ""60"": 454}",61248
ganjam,bhanjanagar,sidhapadar,"{""0"": 11309, ""10"": 3509, ""20"": 1, ""30"": 1109, ""40"": 10, ""60"": 108}",16046
ganjam,bhanjanagar,sunapalli(pudringi),"{""0"": 54308, ""10"": 7369, ""20"": 14, ""30"": 1928, ""40"": 6326, ""50"": 10, ""60"": 211, ""80"": 267}",70433
ganjam,bhanjanagar,t.,"{""0"": 710, ""10"": 711, ""30"": 37, ""40"": 661, ""50"": 10, ""60"": 47}",2176
ganjam,bhanjanagar,tabhapalli,"{""0"": 6035, ""10"": 3176, ""20"": 1, ""30"": 416, ""40"": 4128, ""50"": 80, ""60"": 36, ""80"": 20}",13892
ganjam,bhanjanagar,tota,"{""0"": 36572, ""10"": 17985, ""20"": 32, ""30"": 2858, ""40"": 16211, ""50"": 143, ""60"": 293}",74094
ganjam,bhanjanagar,u.,"{""0"": 124807, ""10"": 84355, ""20"": 350, ""30"": 34628, ""40"": 51511, ""50"": 105, ""60"": 7104}",302860
ganjam,buguda,bedhakhala,"{""0"": 3308, ""10"": 2638, ""30"": 1734, ""40"": 14, ""60"": 6}",7700
ganjam,buguda,kanasarala,"{""0"": 23851, ""10"": 10398, ""20"": 7, ""30"": 335, ""40"": 1507, ""60"": 136}",36234
ganjam,buguda,madhapalli,"{""0"": 16295, ""10"": 7729, ""20"": 4, ""30"": 255, ""40"": 9123, ""50"": 91, ""60"": 157, ""80"": 276}",33930
ganjam,buguda,masanisahi,"{""0"": 160682, ""10"": 69605, ""20"": 7473, ""30"": 10552, ""40"": 21328, ""50"": 7413, ""60"": 11887, ""80"": 1005}",289945
ganjam,buguda,nuapalli,"{""0"": 59971, ""10"": 23789, ""20"": 55, ""30"": 4104, ""40"": 11298, ""50"": 3, ""60"": 420}",99640
ganjam,chikiti,ambajhola,"{""0"": 6964, ""10"": 4988, ""20"": 5, ""30"": 250, ""40"": 1135, ""60"": 2}",13344
ganjam,chikiti,balipadar,"{""0"": 5991, ""10"": 4387, ""20"": 70, ""30"": 1297, ""40"": 1785, ""50"": 2, ""60"": 261, ""80"": 277}",14070
ganjam,chikiti,batapalli,"{""0"": 5133, ""10"": 6777, ""30"": 61, ""40"": 441, ""50"": 1, ""60"": 31}",12444
ganjam,chikiti,k.khududi,"{""0"": 16728, ""10"": 2035, ""20"": 52, ""30"": 457, ""40"": 8915, ""50"": 89, ""60"": 168, ""80"": 431}",28875
ganjam,chikiti,nimakudia,"{""0"": 16026, ""10"": 3348, ""20"": 15, ""30"": 1970, ""40"": 8513, ""50"": 50, ""60"": 90}",30012
ganjam,chikiti,nuabandha,"{""0"": 1703, ""10"": 1679, ""30"": 6, ""40"": 626, ""50"": 6, ""60"": 12}",4032
ganjam,chikiti,rajapalli,"{""0"": 11589, ""10"": 3874, ""20"": 12, ""30"": 2760, ""40"": 6547, ""50"": 101, ""60"": 1034}",25917
ganjam,chikiti,ramguda,"{""0"": 20374, ""10"": 21087, ""20"": 69, ""30"": 921, ""40"": 4969, ""50"": 27, ""60"": 403}",47850
ganjam,chikiti,sindurapur,"{""0"": 1115, ""10"": 1741}",2856
ganjam,dharakote,abhayapur/,"{""0"": 24526, ""10"": 7956, ""20"": 4, ""30"": 678, ""40"": 10931, ""50"": 39, ""60"": 66}",44200
ganjam,dharakote,andha,"{""0"": 15055, ""10"": 6658, ""20"": 4, ""30"": 1967, ""40"": 13561, ""50"": 115, ""60"": 354}",37714
ganjam,dharakote,andhari,"{""0"": 15055, ""10"": 6658, ""20"": 4, ""30"": 1967, ""40"": 13561, ""50"": 115, ""60"": 354}",37714
ganjam,dharakote,arjunpalli,"{""0"": 621, ""10"": 230, ""30"": 89, ""40"": 1021, ""50"": 2, ""60"": 169}",2132
ganjam,dharakote,ashokpalli,"{""0"": 3389, ""10"": 3228, ""30"": 338}",6955
ganjam,dharakote,badua,"{""0"": 17758, ""10"": 1642, ""30"": 1831, ""40"": 14144, ""50"": 92, ""60"": 357, ""80"": 212}",36036
ganjam,dharakote,barapalli,"{""0"": 17015, ""10"": 13740, ""20"": 46, ""30"": 914, ""40"": 1438, ""50"": 13, ""60"": 122}",33288
ganjam,dharakote,batakhala,"{""0"": 40333, ""10"": 24160, ""20"": 79, ""30"": 5666, ""40"": 32925, ""50"": 439, ""60"": 542, ""90"": 4}",104148
ganjam,dharakote,bhagapadmapur,"{""0"": 7515, ""10"": 1581, ""20"": 2, ""30"": 176, ""40"": 7243, ""50"": 46, ""60"": 165}",16728
ganjam,dharakote,bhaliaguda,"{""0"": 7481, ""10"": 7029, ""30"": 246, ""40"": 148}",14904
ganjam,dharakote,chanapata,"{""0"": 17928, ""10"": 3412, ""30"": 541, ""40"": 8230, ""50"": 901, ""60"": 280, ""90"": 98}",31390
ganjam,dharakote,dhadiamba,"{""0"": 2953, ""10"": 3086, ""30"": 100, ""40"": 1520, ""50"": 10, ""60"": 31}",7700
ganjam,dharakote,g.,"{""0"": 7215, ""10"": 931, ""30"": 3, ""40"": 10474, ""50"": 26, ""60"": 47}",18696
ganjam,dharakote,gambhari,"{""0"": 16417, ""10"": 5758, ""20"": 12, ""30"": 708, ""40"": 8773, ""50"": 94, ""60"": 115}",31877
ganjam,dharakote,gochagada/saba,"{""0"": 23554, ""10"": 24886, ""20"": 172, ""30"": 2249, ""40"": 7508, ""50"": 10, ""60"": 317}",58696
ganjam,dharakote,gudruguma/balarampur,"{""0"": 10052, ""10"": 3341, ""20"": 30, ""30"": 4875, ""40"": 9399, ""50"": 5, ""60"": 1205, ""90"": 7}",28914
ganjam,dharakote,haladibagad,"{""0"": 634, ""10"": 1203, ""30"": 7, ""60"": 1}",1845
ganjam,dharakote,jaisingi,"{""0"": 13366, ""10"": 2716, ""20"": 5, ""30"": 2207, ""40"": 6012, ""50"": 235, ""60"": 404, ""80"": 1298}",26243
ganjam,dharakote,jhilimilli,"{""0"": 6428, ""10"": 4650, ""20"": 4, ""30"": 797, ""40"": 2409, ""60"": 67}",14355
ganjam,dharakote,jiriya,"{""0"": 19857, ""10"": 9478, ""20"": 40, ""30"": 2271, ""40"": 7960, ""50"": 83, ""60"": 757}",40446
ganjam,dharakote,k.burupada,"{""0"": 683, ""10"": 1573}",2256
ganjam,dharakote,kalabada,"{""0"": 28360, ""10"": 6597, ""20"": 9, ""30"": 1582, ""40"": 22351, ""50"": 384, ""60"": 600, ""80"": 594, ""90"": 528}",61005
ganjam,dharakote,kaluamba,"{""0"": 40826, ""10"": 5911, ""20"": 2, ""30"": 949, ""40"": 20948, ""50"": 676, ""60"": 375}",69687
ganjam,dharakote,kalumba/balarampur,"{""0"": 10052, ""10"": 3341, ""20"": 30, ""30"": 4875, ""40"": 9399, ""50"": 5, ""60"": 1205, ""90"": 7}",28914
ganjam,dharakote,kanteipalli,"{""0"": 621, ""10"": 230, ""30"": 89, ""40"": 1021, ""50"": 2, ""60"": 169}",2132
ganjam,dharakote,kathagada/balarampur,"{""0"": 10052, ""10"": 3341, ""20"": 30, ""30"": 4875, ""40"": 9399, ""50"": 5, ""60"": 1205, ""90"": 7}",28914
ganjam,dharakote,kendupada,"{""0"": 18601, ""10"": 4150, ""20"": 1, ""30"": 838, ""40"": 12653, ""50"": 297, ""60"": 452}",36992
ganjam,dharakote,khajuripada,"{""0"": 11972, ""10"": 763, ""20"": 5, ""30"": 111, ""40"": 3676, ""50"": 26, ""60"": 112}",16665
ganjam,dharakote,kharipalli,"{""0"": 1095, ""10"": 1692, ""30"": 592, ""40"": 828, ""60"": 49}",4256
ganjam,dharakote,kumar,"{""0"": 3869, ""10"": 2255, ""30"": 405, ""40"": 2038, ""50"": 4, ""60"": 40}",8611
ganjam,dharakote,kusumabasa,"{""0"": 54139, ""10"": 15864, ""20"": 899, ""30"": 6604, ""40"": 28073, ""50"": 273, ""60"": 4688, ""80"": 249, ""90"": 13}",110802
ganjam,dharakote,kutunidanda,"{""0"": 19520, ""10"": 8730, ""20"": 8, ""30"": 796, ""40"": 11071, ""50"": 80, ""60"": 203, ""80"": 200, ""90"": 25}",40633
ganjam,dharakote,madanagandapalli/jhadab,"{""0"": 10048, ""10"": 6690, ""30"": 4668, ""40"": 1636, ""50"": 1, ""60"": 99}",23142
ganjam,dharakote,mallijhara,"{""0"": 8609, ""10"": 3368, ""30"": 435, ""40"": 790, ""50"": 8, ""60"": 65}",13275
ganjam,dharakote,mallijharapalli,"{""0"": 11951, ""10"": 6458, ""30"": 1408, ""40"": 1345, ""60"": 78}",21240
ganjam,dharakote,mangalpur,"{""0"": 12044, ""10"": 7813, ""20"": 86, ""30"": 1939, ""40"": 8129, ""50"": 24, ""60"": 655}",30690
ganjam,dharakote,new,"{""0"": 523, ""10"": 1301}",1824
ganjam,dharakote,patasala,"{""0"": 2278, ""10"": 6106}",8384
ganjam,dharakote,phata,"{""0"": 6971, ""10"": 1381, ""30"": 170, ""40"": 3707, ""50"": 8, ""60"": 39}",12276
ganjam,dharakote,phatachanchada,"{""0"": 583, ""10"": 1050, ""30"": 5}",1638
ganjam,dharakote,pillipadar,"{""0"": 2822, ""10"": 6007, ""30"": 539, ""40"": 305, ""60"": 23}",9696
ganjam,dharakote,punjiamba/balarampur,"{""0"": 10052, ""10"": 3341, ""20"": 30, ""30"": 4875, ""40"": 9399, ""50"": 5, ""60"": 1205, ""90"": 7}",28914
ganjam,dharakote,purna,"{""0"": 14329, ""10"": 162, ""30"": 45, ""40"": 11169, ""50"": 219, ""60"": 127, ""90"": 24}",26075
ganjam,dharakote,rangamatia,"{""0"": 307, ""10"": 879, ""30"": 2}",1188
ganjam,dharakote,saba,"{""0"": 23554, ""10"": 24886, ""20"": 172, ""30"": 2249, ""40"": 7508, ""50"": 10, ""60"": 317}",58696
ganjam,dharakote,sagakiari/saba,"{""0"": 23554, ""10"": 24886, ""20"": 172, ""30"": 2249, ""40"": 7508, ""50"": 10, ""60"": 317}",58696
ganjam,dharakote,sikulabasa,"{""0"": 131544, ""10"": 33119, ""20"": 42, ""30"": 3557, ""40"": 64551, ""50"": 1058, ""60"": 1053, ""80"": 171, ""90"": 4010}",239105
ganjam,dharakote,sikuliapalli,"{""0"": 17967, ""10"": 4290, ""20"": 2, ""30"": 2615, ""40"": 5733, ""50"": 17, ""60"": 120}",30744
ganjam,dharakote,sundaragada,"{""0"": 67101, ""10"": 17490, ""20"": 41, ""30"": 3142, ""40"": 4009, ""50"": 3, ""60"": 230}",92016
ganjam,dharakote,tanarjipalli/balarampur,"{""0"": 10052, ""10"": 3341, ""20"": 30, ""30"": 4875, ""40"": 9399, ""50"": 5, ""60"": 1205, ""90"": 7}",28914
ganjam,digapahandi,bada,"{""0"": 12749, ""10"": 29573, ""30"": 2040, ""40"": 1159, ""50"": 6, ""60"": 564, ""80"": 13}",46104
ganjam,digapahandi,badadumula,"{""0"": 145466, ""10"": 30122, ""20"": 176, ""30"": 15362, ""40"": 44310, ""50"": 258, ""60"": 3268, ""80"": 837, ""90"": 1}",239800
ganjam,digapahandi,balipata,"{""0"": 15972, ""10"": 10941, ""20"": 183, ""30"": 6927, ""40"": 16318, ""50"": 136, ""60"": 681, ""80"": 495}",51653
ganjam,digapahandi,burubandha,"{""0"": 13630, ""10"": 1408, ""30"": 1, ""60"": 5, ""80"": 8200}",23244
ganjam,digapahandi,chanabagada,"{""0"": 31705, ""10"": 4754, ""20"": 9, ""30"": 2590, ""40"": 20679, ""50"": 153, ""60"": 506, ""90"": 364}",60760
ganjam,digapahandi,dhamanpadar,"{""0"": 38534, ""10"": 32527, ""30"": 2260, ""40"": 57, ""60"": 1502}",74880
ganjam,digapahandi,malakotapalli,"{""0"": 11589, ""10"": 3874, ""20"": 12, ""30"": 2760, ""40"": 6547, ""50"": 101, ""60"": 1034}",25917
ganjam,digapahandi,sana,"{""0"": 5937, ""10"": 1627, ""30"": 1532, ""40"": 12837, ""50"": 178, ""60"": 160, ""80"": 204}",22475
ganjam,digapahandi,siripur,"{""0"": 6851, ""10"": 2189, ""30"": 46, ""60"": 21, ""80"": 9197}",18304
ganjam,jagannath prasad,adivasi,"{""0"": 4733, ""10"": 2146, ""30"": 923, ""40"": 3790, ""50"": 165, ""60"": 813, ""90"": 6}",12576
ganjam,jagannath prasad,badabhumi,"{""0"": 7061, ""10"": 4582, ""20"": 14, ""30"": 725, ""40"": 948, ""50"": 4, ""60"": 22}",13356
ganjam,jagannath prasad,banjarsahi,"{""0"": 11233, ""10"": 10895, ""30"": 109, ""40"": 142, ""60"": 437}",22816
ganjam,jagannath prasad,delingpadar,"{""0"": 17434, ""10"": 5710, ""30"": 532, ""40"": 15067, ""50"": 159, ""60"": 414, ""80"": 181, ""90"": 23}",39520
ganjam,jagannath prasad,dhanapaju,"{""0"": 35694, ""10"": 2697, ""20"": 3, ""30"": 2420, ""40"": 5214, ""50"": 85, ""60"": 159}",46272
ganjam,jagannath prasad,ghogada,"{""0"": 22747, ""10"": 14764, ""20"": 244, ""30"": 3320, ""40"": 2867, ""50"": 23, ""60"": 153}",44118
ganjam,jagannath prasad,gramdevati,"{""0"": 12968, ""10"": 3481, ""20"": 13, ""30"": 202, ""40"": 5552, ""50"": 51, ""60"": 327, ""80"": 3634}",26228
ganjam,jagannath prasad,jiripada,"{""0"": 24572, ""10"": 22374, ""30"": 2294, ""40"": 1381, ""50"": 2, ""60"": 77}",50700
ganjam,jagannath prasad,kadaligada,"{""0"": 49821, ""10"": 33753, ""20"": 137, ""30"": 3300, ""40"": 4612, ""50"": 8, ""60"": 160}",91791
ganjam,jagannath prasad,kainfulia,"{""0"": 34789, ""10"": 7032, ""20"": 868, ""30"": 7593, ""40"": 22062, ""50"": 64, ""60"": 1329, ""80"": 138}",73875
ganjam,jagannath prasad,kandhabanta,"{""0"": 271299, ""10"": 146178, ""20"": 459, ""30"": 15751, ""40"": 22267, ""50"": 73, ""60"": 4924, ""80"": 5}",460956
ganjam,jagannath prasad,kathapatani,"{""0"": 4077, ""10"": 3994, ""20"": 2, ""30"": 1054, ""40"": 1147, ""60"": 76}",10350
ganjam,jagannath prasad,khajuripalli,"{""0"": 31861, ""10"": 3777, ""20"": 29, ""30"": 1403, ""40"": 17616, ""50"": 9, ""60"": 640}",55335
ganjam,jagannath prasad,khetamundali,"{""0"": 54056, ""10"": 27573, ""20"": 46, ""30"": 4835, ""40"": 11807, ""50"": 47, ""60"": 2092, ""80"": 545}",101001
ganjam,jagannath prasad,khurudupalli,"{""0"": 11589, ""10"": 3874, ""20"": 12, ""30"": 2760, ""40"": 6547, ""50"": 101, ""60"": 1034}",25917
ganjam,jagannath prasad,narabari,"{""0"": 2228, ""10"": 2279, ""30"": 154, ""40"": 131, ""60"": 53}",4845
ganjam,jagannath prasad,naragadu,"{""0"": 2086, ""10"": 4473, ""20"": 17, ""30"": 380, ""40"": 1098, ""50"": 8, ""60"": 116}",8178
ganjam,jagannath prasad,narayanprasad,"{""0"": 10014, ""10"": 7694, ""20"": 1, ""30"": 1015, ""40"": 1918, ""60"": 93}",20735
ganjam,jagannath prasad,rampo,"{""0"": 26517, ""10"": 18043, ""20"": 59, ""30"": 1746, ""40"": 4831, ""50"": 8, ""60"": 566}",51770
ganjam,jagannath prasad,rudhapadar,"{""0"": 155173, ""10"": 23559, ""20"": 130, ""30"": 5792, ""40"": 14296, ""50"": 120, ""60"": 610}",199680
ganjam,jagannath prasad,sarangapatta,"{""0"": 30406, ""10"": 22231, ""20"": 40, ""30"": 1474, ""40"": 10202, ""60"": 195}",64548
ganjam,jagannath prasad,talataila,"{""0"": 247, ""10"": 589, ""60"": 5}",841
ganjam,jagannath prasad,tirigochha,"{""0"": 57896, ""10"": 29769, ""20"": 146, ""30"": 5699, ""40"": 16929, ""50"": 23, ""60"": 1018, ""80"": 138}",111618
ganjam,jagannath prasad,toladi,"{""0"": 537, ""10"": 744, ""30"": 9, ""40"": 12}",1302
ganjam,khallikote,badapalli,"{""0"": 6377, ""10"": 5335, ""30"": 33, ""40"": 1866, ""50"": 36, ""60"": 177}",13824
ganjam,khallikote,kurumipur,"{""0"": 4865, ""10"": 1094, ""30"": 558, ""40"": 2972, ""50"": 7, ""60"": 75, ""80"": 439, ""90"": 70}",10080
ganjam,khallikote,"kurumipur,","{""0"": 4865, ""10"": 1094, ""30"": 558, ""40"": 2972, ""50"": 7, ""60"": 75, ""80"": 439, ""90"": 70}",10080
ganjam,khallikote,mareinuagam,"{""0"": 24044, ""10"": 2707, ""30"": 67, ""40"": 13743, ""50"": 151, ""60"": 303, ""90"": 49}",41064
ganjam,khallikote,moreinuagaon,"{""0"": 20566, ""10"": 16394, ""30"": 257, ""40"": 2880, ""50"": 11, ""60"": 71}",40179
ganjam,khallikote,nuapalli,"{""0"": 21841, ""10"": 10769, ""30"": 260, ""40"": 2381, ""50"": 26, ""60"": 123}",35400
ganjam,khallikote,pathurinuagaon,"{""0"": 1407, ""10"": 831, ""30"": 37, ""40"": 637, ""50"": 617, ""60"": 384}",3913
ganjam,khallikote,ramchandrapur,"{""0"": 2739, ""10"": 1917, ""30"": 65, ""40"": 2330, ""50"": 2, ""60"": 91}",7144
ganjam,kukudakhandi,baliaput,"{""0"": 40899, ""10"": 10371, ""30"": 1041, ""40"": 52917, ""50"": 305, ""60"": 1622, ""80"": 3032, ""90"": 7}",110194
ganjam,kukudakhandi,baniamari,"{""0"": 16180, ""10"": 14551, ""20"": 4, ""30"": 20, ""40"": 645, ""50"": 11, ""60"": 431}",31842
ganjam,kukudakhandi,bardhangada,"{""0"": 5753, ""10"": 8435, ""30"": 451, ""40"": 1120, ""50"": 15, ""60"": 62}",15836
ganjam,kukudakhandi,betajhari,"{""0"": 13478, ""10"": 19394, ""20"": 1, ""30"": 639, ""40"": 1158, ""50"": 4, ""60"": 46}",34720
ganjam,kukudakhandi,bhaliaguda,"{""0"": 12395, ""10"": 10541, ""30"": 22, ""40"": 2}",22960
ganjam,kukudakhandi,bikashpur,"{""0"": 13891, ""10"": 1814, ""30"": 136, ""40"": 11708, ""50"": 127, ""60"": 121}",27797
ganjam,kukudakhandi,burugam,"{""0"": 11638, ""10"": 16318, ""20"": 45, ""30"": 1354, ""40"": 2204, ""50"": 2, ""60"": 163}",31724
ganjam,kukudakhandi,kantiguda,"{""0"": 4120, ""10"": 7504, ""30"": 22, ""60"": 9}",11655
ganjam,kukudakhandi,lochapada,"{""0"": 39754, ""10"": 21345, ""20"": 1, ""30"": 1275, ""40"": 2804, ""60"": 299, ""80"": 351, ""90"": 3}",65832
ganjam,kukudakhandi,nuapada,"{""0"": 21129, ""10"": 4130, ""20"": 2, ""30"": 1058, ""40"": 4051, ""50"": 20, ""60"": 109, ""90"": 5}",30504
ganjam,kukudakhandi,ramaguda,"{""0"": 18425, ""10"": 15889, ""20"": 67, ""30"": 730, ""40"": 1751, ""50"": 10, ""60"": 412, ""80"": 308, ""90"": 8}",37600
ganjam,patrapur,a.goudini,"{""0"": 11919, ""10"": 4362, ""30"": 2075, ""40"": 5400, ""50"": 38, ""60"": 382, ""80"": 6577}",30753
ganjam,patrapur,a.saradhapur,"{""0"": 4537, ""10"": 1666, ""30"": 138, ""40"": 9749, ""50"": 242, ""60"": 39}",16371
ganjam,patrapur,aliar,"{""0"": 14331, ""10"": 12057, ""20"": 6, ""30"": 2713, ""40"": 399, ""60"": 42}",29548
ganjam,patrapur,andaanda,"{""0"": 80523, ""10"": 23546, ""30"": 344, ""40"": 482, ""50"": 55, ""60"": 1650}",106600
ganjam,patrapur,ankuli,"{""0"": 12516, ""10"": 10321, ""20"": 14, ""30"": 7870, ""40"": 2153, ""50"": 35, ""60"": 241}",33150
ganjam,patrapur,b.saradhapur,"{""0"": 4537, ""10"": 1666, ""30"": 138, ""40"": 9749, ""50"": 242, ""60"": 39}",16371
ganjam,patrapur,badua,"{""0"": 12576, ""10"": 9489, ""20"": 81, ""30"": 569, ""40"": 1016, ""60"": 5}",23736
ganjam,patrapur,baniabasa,"{""0"": 56015, ""10"": 31388, ""20"": 178, ""30"": 5609, ""40"": 41069, ""50"": 374, ""60"": 1252, ""80"": 1576, ""90"": 74}",137535
ganjam,patrapur,batadheapada,"{""0"": 7345, ""10"": 1046, ""20"": 1, ""30"": 419, ""40"": 175, ""60"": 40, ""80"": 6275}",15301
ganjam,patrapur,batadhiapada,"{""0"": 7345, ""10"": 1046, ""20"": 1, ""30"": 419, ""40"": 175, ""60"": 40, ""80"": 6275}",15301
ganjam,patrapur,bengeisahi,"{""0"": 13925, ""10"": 1131, ""20"": 2, ""30"": 36, ""40"": 3, ""60"": 73, ""80"": 5106}",20276
ganjam,patrapur,bodajhola,"{""0"": 4134, ""10"": 3192, ""20"": 57, ""30"": 158, ""40"": 1237, ""50"": 5, ""60"": 127}",8910
ganjam,patrapur,budarosing,"{""0"": 1031, ""10"": 604, ""60"": 11, ""80"": 152}",1798
ganjam,patrapur,burasahi,"{""0"": 2863, ""10"": 2123, ""20"": 3, ""30"": 31, ""40"": 1830, ""50"": 2, ""60"": 520}",7372
ganjam,patrapur,buratal,"{""0"": 8598, ""10"": 13407, ""30"": 856, ""40"": 347, ""60"": 379}",23587
ganjam,patrapur,chachadakhol,"{""0"": 10520, ""10"": 6955, ""20"": 33, ""30"": 88, ""40"": 1501, ""60"": 79}",19176
ganjam,patrapur,chanchadakhola,"{""0"": 10520, ""10"": 6955, ""20"": 33, ""30"": 88, ""40"": 1501, ""60"": 79}",19176
ganjam,patrapur,chanchadkhola,"{""0"": 10520, ""10"": 6955, ""20"": 33, ""30"": 88, ""40"": 1501, ""60"": 79}",19176
ganjam,patrapur,dalaibila,"{""0"": 17491, ""10"": 11050, ""20"": 523, ""30"": 3354, ""40"": 12243, ""50"": 43, ""60"": 469}",45173
ganjam,patrapur,daleibila,"{""0"": 17491, ""10"": 11050, ""20"": 523, ""30"": 3354, ""40"": 12243, ""50"": 43, ""60"": 469}",45173
ganjam,patrapur,dantarigada,"{""0"": 2514, ""10"": 3291, ""20"": 1, ""30"": 1335, ""40"": 525, ""60"": 10}",7676
ganjam,patrapur,daubada,"{""0"": 7045, ""10"": 6234, ""30"": 21, ""40"": 338, ""50"": 15, ""60"": 247}",13900
ganjam,patrapur,dengapathar,"{""0"": 4005, ""10"": 6879, ""30"": 12, ""40"": 95, ""50"": 1, ""60"": 32}",11024
ganjam,patrapur,dhanbada,"{""0"": 44720, ""10"": 60961, ""20"": 2, ""30"": 4222, ""40"": 778, ""50"": 1, ""60"": 1096}",111780
ganjam,patrapur,dhepasahi,"{""0"": 10903, ""10"": 9582, ""20"": 16, ""30"": 8123, ""40"": 1752, ""60"": 54}",30430
ganjam,patrapur,elagal,"{""0"": 17302, ""10"": 7052, ""20"": 179, ""30"": 590, ""40"": 20210, ""50"": 344, ""60"": 293, ""80"": 260}",46230
ganjam,patrapur,gadanga,"{""0"": 79496, ""10"": 88796, ""20"": 8, ""30"": 4282, ""40"": 1891, ""50"": 14, ""60"": 1013}",175500
ganjam,patrapur,gaida,"{""0"": 5572, ""10"": 5832, ""30"": 148, ""40"": 4}",11556
ganjam,patrapur,gambharikhola,"{""0"": 1304, ""10"": 2186, ""30"": 3, ""40"": 1, ""60"": 13, ""80"": 70}",3577
ganjam,patrapur,gopinathapur,"{""0"": 18630, ""10"": 1693, ""30"": 817, ""40"": 20182, ""50"": 858, ""60"": 64, ""80"": 11, ""90"": 109}",42364
ganjam,patrapur,gopinathpur,"{""0"": 18630, ""10"": 1693, ""30"": 817, ""40"": 20182, ""50"": 858, ""60"": 64, ""80"": 11, ""90"": 109}",42364
ganjam,patrapur,gudipadar,"{""0"": 35956, ""10"": 10268, ""30"": 1754, ""40"": 17530, ""50"": 793, ""60"": 570, ""80"": 14, ""90"": 123}",67008
ganjam,patrapur,gujulingi,"{""0"": 10027, ""10"": 13556, ""20"": 14, ""30"": 274, ""40"": 735, ""50"": 17, ""60"": 781}",25404
ganjam,patrapur,guruda,"{""0"": 5128, ""10"": 7304, ""30"": 1, ""40"": 1, ""60"": 46}",12480
ganjam,patrapur,haladibada,"{""0"": 3341, ""10"": 7094, ""30"": 973, ""40"": 130, ""60"": 18}",11556
ganjam,patrapur,haripur,"{""0"": 10772, ""10"": 6766, ""20"": 16, ""30"": 299, ""40"": 3224, ""50"": 18, ""60"": 205}",21300
ganjam,patrapur,j.badagaon,"{""0"": 95019, ""10"": 18876, ""20"": 3, ""30"": 789, ""40"": 62281, ""50"": 397, ""60"": 2247}",179612
ganjam,patrapur,jama,"{""0"": 4346, ""10"": 2958, ""20"": 4, ""30"": 312, ""40"": 2970, ""50"": 24, ""60"": 42}",10656
ganjam,patrapur,jamapadar,"{""0"": 4346, ""10"": 2958, ""20"": 4, ""30"": 312, ""40"": 2970, ""50"": 24, ""60"": 42}",10656
ganjam,patrapur,jampadar,"{""0"": 4346, ""10"": 2958, ""20"": 4, ""30"": 312, ""40"": 2970, ""50"": 24, ""60"": 42}",10656
ganjam,patrapur,jantragada/,"{""0"": 2514, ""10"": 3291, ""20"": 1, ""30"": 1335, ""40"": 525, ""60"": 10}",7676
ganjam,patrapur,jubasahi,"{""0"": 6476, ""10"": 6084, ""30"": 274, ""40"": 131, ""60"": 27}",12992
ganjam,patrapur,karabanki,"{""0"": 2326, ""10"": 506, ""30"": 12, ""40"": 2079, ""60"": 5}",4928
ganjam,patrapur,kurugada,"{""0"": 12709, ""10"": 19936, ""20"": 5, ""30"": 2882, ""40"": 2272, ""60"": 52}",37856
ganjam,patrapur,labarganda,"{""0"": 18621, ""10"": 4478, ""20"": 3, ""30"": 4591, ""40"": 19781, ""50"": 671, ""60"": 718, ""80"": 283, ""90"": 74}",49220
ganjam,patrapur,lengana,"{""0"": 2640, ""10"": 1426, ""30"": 1215, ""40"": 607, ""60"": 16}",5904
ganjam,patrapur,luka,"{""0"": 19185, ""10"": 21335, ""20"": 79, ""30"": 3831, ""40"": 8509, ""50"": 390, ""60"": 1526, ""80"": 93}",54948
ganjam,patrapur,maduaguma,"{""0"": 66660, ""10"": 28442, ""20"": 98, ""30"": 1070, ""40"": 4682, ""50"": 9, ""60"": 1308, ""80"": 481}",102750
ganjam,patrapur,maduagumma,"{""0"": 66660, ""10"": 28442, ""20"": 98, ""30"": 1070, ""40"": 4682, ""50"": 9, ""60"": 1308, ""80"": 481}",102750
ganjam,patrapur,mahalimba,"{""0"": 1827, ""10"": 138, ""20"": 1, ""30"": 113, ""40"": 1574, ""60"": 1}",3654
ganjam,patrapur,mahulabada,"{""0"": 12576, ""10"": 9489, ""20"": 81, ""30"": 569, ""40"": 1016, ""60"": 5}",23736
ganjam,patrapur,mahulbada,"{""0"": 12576, ""10"": 9489, ""20"": 81, ""30"": 569, ""40"": 1016, ""60"": 5}",23736
ganjam,patrapur,marmaria,"{""0"": 14452, ""10"": 9354, ""30"": 1368, ""40"": 2, ""50"": 9, ""60"": 92}",25277
ganjam,patrapur,masanibada,"{""0"": 7905, ""10"": 3961, ""20"": 44, ""30"": 856, ""40"": 803, ""50"": 3, ""60"": 456}",14028
ganjam,patrapur,phulashi,"{""0"": 5396, ""10"": 7069, ""30"": 2640, ""40"": 660, ""50"": 3, ""60"": 26}",15794
ganjam,patrapur,podadhia,"{""0"": 9164, ""10"": 6016, ""30"": 1350, ""40"": 10003, ""50"": 92, ""60"": 116}",26741
ganjam,patrapur,puriasahi,"{""0"": 15799, ""10"": 10365, ""30"": 25, ""40"": 540, ""50"": 8, ""60"": 1634}",28371
ganjam,patrapur,raghubalav,"{""0"": 3512, ""10"": 3195, ""40"": 9, ""60"": 4}",6720
ganjam,patrapur,raikhala,"{""0"": 10797, ""10"": 21559, ""20"": 9, ""30"": 2514, ""40"": 306, ""60"": 927}",36112
ganjam,patrapur,s.,"{""0"": 12317, ""10"": 4318, ""40"": 10982, ""50"": 133, ""60"": 111, ""80"": 19}",27880
ganjam,patrapur,s.badapur,"{""0"": 39147, ""10"": 3739, ""20"": 13, ""30"": 2231, ""40"": 21597, ""50"": 389, ""60"": 334, ""90"": 350}",67800
ganjam,patrapur,sanagaon,"{""0"": 1224, ""10"": 2861, ""30"": 4}",4089
ganjam,patrapur,sirisaganda,"{""0"": 19520, ""10"": 8730, ""20"": 8, ""30"": 796, ""40"": 11071, ""50"": 80, ""60"": 203, ""80"": 200, ""90"": 25}",40633
ganjam,patrapur,sunaribada,"{""0"": 2819, ""10"": 5746, ""20"": 2, ""30"": 368, ""40"": 1014, ""50"": 11, ""60"": 45}",10005
ganjam,patrapur,tabalasahi,"{""0"": 15570, ""10"": 13220, ""30"": 500, ""40"": 57, ""60"": 6}",29353
ganjam,patrapur,tadingi,"{""0"": 17602, ""10"": 7996, ""30"": 1223, ""40"": 15, ""50"": 11, ""60"": 133}",26980
ganjam,patrapur,talaburatal,"{""0"": 5990, ""10"": 2125, ""20"": 9, ""30"": 276, ""40"": 9993, ""50"": 94, ""60"": 115}",18602
ganjam,patrapur,talaburatala,"{""0"": 8598, ""10"": 13407, ""30"": 856, ""40"": 347, ""60"": 379}",23587
ganjam,patrapur,talapadar,"{""0"": 11192, ""10"": 14602, ""20"": 10, ""30"": 186, ""40"": 2487, ""50"": 2, ""60"": 73}",28552
ganjam,patrapur,taramunda,"{""0"": 3355, ""10"": 7307, ""20"": 1, ""30"": 512, ""40"": 434, ""60"": 91}",11700
ganjam,patrapur,tarasingi,"{""0"": 7080, ""10"": 11099, ""30"": 149, ""60"": 6}",18334
ganjam,patrapur,tarsingi,"{""0"": 7080, ""10"": 11099, ""30"": 149, ""60"": 6}",18334
ganjam,patrapur,thalibada,"{""0"": 1465, ""10"": 2602}",4067
ganjam,patrapur,thanagam,"{""0"": 26490, ""10"": 5363, ""20"": 56, ""30"": 1014, ""40"": 15809, ""50"": 117, ""60"": 314}",49163
ganjam,patrapur,tuburusingi,"{""0"": 7445, ""10"": 7621, ""30"": 987, ""40"": 88, ""50"": 1, ""60"": 28}",16170
ganjam,patrapur,tuparda,"{""0"": 2325, ""10"": 6681, ""30"": 183, ""60"": 135}",9324
ganjam,patrapur,upper,"{""0"": 8693, ""10"": 2103, ""20"": 1, ""30"": 1269, ""40"": 21, ""50"": 21, ""60"": 69}",12177
ganjam,polasara,ambakhala,"{""0"": 9286, ""10"": 9459, ""30"": 200, ""40"": 14, ""60"": 7}",18966
ganjam,polasara,andhari,"{""0"": 383, ""10"": 869, ""20"": 1, ""30"": 30, ""40"": 79, ""60"": 2}",1364
ganjam,polasara,badataila,"{""0"": 247, ""10"": 589, ""60"": 5}",841
ganjam,polasara,bhaliamala,"{""0"": 425, ""10"": 605, ""40"": 43}",1073
ganjam,polasara,bhaliasahi,"{""0"": 590, ""10"": 955, ""30"": 34, ""60"": 20}",1599
ganjam,polasara,bhitirikhal,"{""0"": 46001, ""10"": 29417, ""20"": 380, ""30"": 839, ""40"": 18219, ""50"": 101, ""60"": 460}",95417
ganjam,polasara,bileijhuri,"{""0"": 25449, ""10"": 8285, ""30"": 584, ""40"": 18869, ""50"": 45, ""60"": 255, ""90"": 5}",53492
ganjam,polasara,biruabadi,"{""0"": 32541, ""10"": 11671, ""20"": 50, ""30"": 1896, ""40"": 12868, ""50"": 479, ""60"": 597, ""80"": 448}",60550
ganjam,polasara,brahamandei,"{""0"": 3264, ""10"": 2687, ""30"": 1, ""40"": 2776, ""50"": 88, ""60"": 116}",8932
ganjam,polasara,chanchara,"{""0"": 323, ""10"": 731}",1054
ganjam,polasara,chenga,"{""0"": 3184, ""10"": 4571, ""20"": 30, ""30"": 242, ""40"": 120, ""50"": 2, ""60"": 21}",8170
ganjam,polasara,gambharia,"{""0"": 239, ""10"": 660}",899
ganjam,polasara,gochhabadi,"{""0"": 49017, ""10"": 13881, ""20"": 426, ""30"": 1239, ""40"": 26969, ""50"": 237, ""60"": 711, ""80"": 5}",92485
ganjam,polasara,gopiapalli,"{""0"": 23190, ""10"": 10790, ""20"": 41, ""30"": 737, ""40"": 5001, ""60"": 169}",39928
ganjam,polasara,janabili,"{""0"": 206, ""10"": 409, ""40"": 1}",616
ganjam,polasara,kanjiama,"{""0"": 13259, ""10"": 6851, ""30"": 144, ""40"": 1333, ""60"": 13}",21600
ganjam,polasara,kasipada,"{""0"": 5170, ""10"": 2643, ""20"": 64, ""30"": 270, ""40"": 808, ""60"": 66}",9021
ganjam,polasara,kendubadi,"{""0"": 45806, ""10"": 18214, ""20"": 83, ""30"": 1267, ""40"": 22463, ""50"": 366, ""60"": 502, ""80"": 24}",88725
ganjam,polasara,khari,"{""0"": 716, ""10"": 1310, ""30"": 74}",2100
ganjam,polasara,khumbula,"{""0"": 2167, ""10"": 3535, ""30"": 83, ""40"": 66, ""60"": 23}",5874
ganjam,polasara,khura,"{""0"": 26092, ""10"": 12725, ""30"": 23, ""40"": 339, ""60"": 29}",39208
ganjam,polasara,mahulapalli,"{""0"": 879, ""10"": 16, ""30"": 3, ""40"": 1131, ""50"": 1, ""60"": 20}",2050
ganjam,polasara,malabiripur,"{""0"": 11586, ""10"": 3691, ""30"": 148, ""40"": 10177, ""50"": 305, ""60"": 10, ""80"": 215}",26132
ganjam,polasara,nadiamba,"{""0"": 2953, ""10"": 3086, ""30"": 100, ""40"": 1520, ""50"": 10, ""60"": 31}",7700
ganjam,polasara,naharatota,"{""0"": 234, ""10"": 442}",676
ganjam,polasara,nirasapalli,"{""0"": 103, ""10"": 106, ""20"": 22, ""30"": 29, ""40"": 63}",323
ganjam,polasara,niraspali,"{""0"": 103, ""10"": 106, ""20"": 22, ""30"": 29, ""40"": 63}",323
ganjam,polasara,palaba,"{""0"": 2795, ""10"": 1460, ""30"": 111, ""40"": 1113, ""60"": 2}",5481
ganjam,polasara,pandiripada,"{""0"": 48035, ""10"": 7869, ""20"": 59, ""30"": 774, ""40"": 24615, ""50"": 58, ""60"": 289}",81699
ganjam,polasara,paneri,"{""0"": 1809, ""10"": 1123, ""30"": 40, ""40"": 1133, ""50"": 9, ""60"": 34}",4148
ganjam,polasara,pipalamalei,"{""0"": 192, ""10"": 344, ""40"": 156, ""60"": 36}",728
ganjam,polasara,punjiama,"{""0"": 460, ""10"": 856, ""30"": 18, ""40"": 34}",1368
ganjam,polasara,rampudi,"{""0"": 4820, ""10"": 2400, ""20"": 9, ""30"": 105, ""40"": 367, ""50"": 8, ""60"": 51}",7760
ganjam,polasara,ratneipalli,"{""0"": 2081, ""10"": 1996, ""30"": 8, ""40"": 204, ""60"": 3, ""80"": 398}",4690
ganjam,polasara,sanaichapur,"{""0"": 3750, ""10"": 1552, ""40"": 2314, ""50"": 32, ""60"": 40}",7688
ganjam,polasara,sikiri,"{""0"": 10560, ""10"": 5499, ""40"": 123, ""60"": 18}",16200
ganjam,polasara,sitalapalli,"{""0"": 7939, ""10"": 1678, ""30"": 124, ""40"": 5650, ""60"": 32}",15423
ganjam,polasara,toasing,"{""0"": 456, ""10"": 564, ""20"": 6, ""30"": 294}",1320
ganjam,polasara,usta,"{""0"": 10117, ""10"": 7251, ""30"": 74, ""40"": 836, ""60"": 37}",18315
ganjam,purusattampur,alladigaon,"{""0"": 103756, ""10"": 15477, ""20"": 153, ""30"": 2074, ""40"": 25734, ""50"": 303, ""60"": 401, ""80"": 640}",148538
ganjam,sanakhemundi,bailakholia,"{""0"": 143538, ""10"": 19443, ""20"": 105, ""30"": 1778, ""40"": 47452, ""50"": 1287, ""60"": 284, ""80"": 289}",214176
ganjam,sanakhemundi,buguda,"{""0"": 57275, ""10"": 20892, ""20"": 12, ""30"": 7382, ""40"": 18938, ""50"": 46, ""60"": 1595}",106140
ganjam,sanakhemundi,dhimiripalli,"{""0"": 26126, ""10"": 11862, ""20"": 15, ""30"": 2797, ""40"": 12237, ""50"": 30, ""60"": 483}",53550
ganjam,sanakhemundi,katapali,"{""0"": 39217, ""10"": 26005, ""20"": 8, ""30"": 2537, ""40"": 21147, ""50"": 21, ""60"": 618, ""80"": 45}",89598
ganjam,sanakhemundi,khaparabada,"{""0"": 7922, ""10"": 1251, ""30"": 1121, ""40"": 4933, ""60"": 613}",15840
ganjam,sanakhemundi,khemundikholla,"{""0"": 29114, ""10"": 28683, ""20"": 3, ""30"": 649, ""40"": 1487, ""50"": 5, ""60"": 68}",60009
ganjam,sanakhemundi,nabakrushnapur,"{""0"": 17616, ""10"": 11333, ""20"": 84, ""30"": 1415, ""40"": 14147, ""50"": 318, ""60"": 466, ""80"": 325}",45704
ganjam,sanakhemundi,rajapur,"{""0"": 55482, ""10"": 15271, ""20"": 15, ""30"": 3439, ""40"": 11553, ""50"": 31, ""60"": 597, ""80"": 97}",86485
ganjam,sanakhemundi,ranikote,"{""0"": 8879, ""10"": 659, ""30"": 207, ""40"": 7028, ""50"": 6, ""60"": 47}",16826
ganjam,sanakhemundi,subarnagada,"{""0"": 15528, ""10"": 4419, ""30"": 1448, ""40"": 6355, ""50"": 47, ""60"": 124}",27921
ganjam,sheragada,arakhapada,"{""0"": 26839, ""10"": 19665, ""30"": 6724, ""40"": 7329, ""50"": 1, ""60"": 264}",60822
ganjam,sheragada,baduapalli,"{""0"": 21308, ""10"": 4180, ""20"": 46, ""30"": 6759, ""40"": 9418, ""50"": 48, ""60"": 2380, ""80"": 206}",44345
ganjam,sheragada,garba,"{""0"": 2992, ""10"": 1402, ""30"": 6, ""40"": 1820, ""50"": 4, ""60"": 17}",6241
ganjam,sheragada,gopapalli,"{""0"": 11070, ""10"": 6538, ""30"": 1632, ""40"": 4498, ""50"": 37, ""60"": 315}",24090
ganjam,sheragada,jamojhola,"{""0"": 3570, ""10"": 266, ""30"": 65, ""40"": 2986}",6887
ganjam,sheragada,k.nuagada,"{""0"": 29887, ""10"": 4832, ""30"": 235, ""40"": 23916, ""50"": 431, ""60"": 278, ""80"": 397}",59976
ganjam,sheragada,kholo,"{""0"": 20178, ""10"": 5193, ""30"": 2476, ""40"": 13253, ""50"": 142, ""60"": 285, ""80"": 1033}",42560
ganjam,sheragada,radeish,"{""0"": 50449, ""10"": 29510, ""20"": 2670, ""30"": 12645, ""40"": 4726, ""60"": 130}",100130
ganjam,sheragada,sabarapalli,"{""0"": 4254, ""10"": 579, ""30"": 22, ""40"": 5040, ""50"": 86, ""60"": 151}",10132
ganjam,surada,a,"{""0"": 2053, ""10"": 1504, ""20"": 5, ""30"": 704, ""40"": 1577, ""60"": 7}",5850
ganjam,surada,akatu,"{""0"": 45426, ""10"": 13450, ""20"": 82, ""30"": 2936, ""40"": 18895, ""50"": 200, ""60"": 1252, ""80"": 893, ""90"": 26}",83160
ganjam,surada,anandapur,"{""0"": 840, ""10"": 509, ""20"": 25, ""30"": 451, ""40"": 435, ""60"": 28}",2288
ganjam,surada,anlajhali,"{""0"": 18405, ""10"": 3210, ""30"": 269, ""40"": 10509, ""50"": 721, ""60"": 509, ""80"": 1699}",35322
ganjam,surada,b.nuasahi/gaudagotha,"{""0"": 5797, ""10"": 734, ""30"": 35, ""40"": 5710, ""50"": 27, ""60"": 51}",12354
ganjam,surada,baduapalli(laxmipur)/pal,"{""0"": 40248, ""10"": 15235, ""20"": 52, ""30"": 3608, ""40"": 14843, ""50"": 241, ""60"": 1451, ""80"": 746, ""90"": 2}",76426
ganjam,surada,baghamara,"{""0"": 698, ""40"": 1280}",1978
ganjam,surada,bahadapadar/goudagoth,"{""0"": 12772, ""10"": 4930, ""30"": 2178, ""40"": 3522, ""50"": 9, ""60"": 121}",23532
ganjam,surada,banyanagar,"{""0"": 10397, ""10"": 1169, ""30"": 35, ""40"": 12451, ""50"": 281, ""60"": 691}",25024
ganjam,surada,baramasia,"{""0"": 5990, ""10"": 2125, ""20"": 9, ""30"": 276, ""40"": 9993, ""50"": 94, ""60"": 115}",18602
ganjam,surada,barapada/,"{""0"": 137, ""10"": 217, ""30"": 93, ""40"": 15}",462
ganjam,surada,batapadia,"{""0"": 544, ""10"": 2096}",2640
ganjam,surada,bedhakhata,"{""0"": 30122, ""10"": 1587, ""20"": 6, ""30"": 1304, ""40"": 23155, ""50"": 311, ""60"": 264, ""90"": 243}",56992
ganjam,surada,bedhakhata(behakhata),"{""0"": 12281, ""10"": 2896, ""20"": 16, ""30"": 681, ""40"": 3242, ""50"": 24, ""60"": 544}",19684
ganjam,surada,bedhakhata(masanisahi),"{""0"": 160682, ""10"": 69605, ""20"": 7473, ""30"": 10552, ""40"": 21328, ""50"": 7413, ""60"": 11887, ""80"": 1005}",289945
ganjam,surada,bedhakhata(nuapalli),"{""0"": 19799, ""10"": 4642, ""20"": 5, ""30"": 302, ""40"": 4339, ""50"": 134, ""60"": 166, ""80"": 565}",29952
ganjam,surada,besarabata,"{""0"": 3748, ""10"": 1762, ""20"": 59, ""30"": 739, ""40"": 288, ""60"": 34}",6630
ganjam,surada,bhaliapada,"{""0"": 18366, ""10"": 4031, ""30"": 1424, ""40"": 17188, ""50"": 43, ""60"": 122, ""90"": 10}",41184
ganjam,surada,bijyanagar,"{""0"": 29100, ""10"": 6916, ""20"": 56, ""30"": 1739, ""40"": 3502, ""50"": 59, ""60"": 744, ""80"": 16702, ""90"": 87}",58905
ganjam,surada,d,"{""0"": 1075, ""10"": 1919, ""40"": 813, ""50"": 88, ""60"": 197}",4092
ganjam,surada,dabiki,"{""0"": 8933, ""10"": 1854, ""20"": 22, ""30"": 321, ""40"": 7078, ""50"": 13, ""60"": 149}",18370
ganjam,surada,dhaugan,"{""0"": 59692, ""10"": 6012, ""20"": 3, ""30"": 3904, ""40"": 31568, ""50"": 276, ""60"": 543, ""80"": 62}",102060
ganjam,surada,dhaugaon,"{""0"": 296, ""10"": 546, ""30"": 99, ""40"": 5}",946
ganjam,surada,gajarkumpa,"{""0"": 5179, ""10"": 5579, ""30"": 342}",11100
ganjam,surada,gambharikhala,"{""0"": 1304, ""10"": 2186, ""30"": 3, ""40"": 1, ""60"": 13, ""80"": 70}",3577
ganjam,surada,ghasipada/,"{""0"": 3662, ""10"": 1057, ""20"": 19, ""30"": 152, ""40"": 1242, ""50"": 53, ""60"": 7}",6192
ganjam,surada,gochhaguda,"{""0"": 19245, ""10"": 27663, ""30"": 3255, ""40"": 93, ""50"": 7, ""60"": 38}",50301
ganjam,surada,godipalli,"{""0"": 11589, ""10"": 3874, ""20"": 12, ""30"": 2760, ""40"": 6547, ""50"": 101, ""60"": 1034}",25917
ganjam,surada,goudagotha/goudagotha,"{""0"": 5797, ""10"": 734, ""30"": 35, ""40"": 5710, ""50"": 27, ""60"": 51}",12354
ganjam,surada,goudgotha/goudagotha,"{""0"": 5797, ""10"": 734, ""30"": 35, ""40"": 5710, ""50"": 27, ""60"": 51}",12354
ganjam,surada,ha,"{""0"": 1105, ""10"": 107, ""30"": 13, ""40"": 1939, ""50"": 13, ""60"": 66}",3243
ganjam,surada,haripur/ekalpur,"{""0"": 9948, ""10"": 10195, ""20"": 10, ""30"": 1345, ""40"": 9528, ""50"": 18, ""60"": 155, ""80"": 173, ""90"": 93}",31465
ganjam,surada,haripur/gopalpursasan,"{""0"": 9948, ""10"": 10195, ""20"": 10, ""30"": 1345, ""40"": 9528, ""50"": 18, ""60"": 155, ""80"": 173, ""90"": 93}",31465
ganjam,surada,jagamohon,"{""0"": 29218, ""10"": 5929, ""20"": 39, ""30"": 1528, ""40"": 7491, ""50"": 310, ""60"": 233, ""80"": 1572}",46320
ganjam,surada,jharakana,"{""0"": 12641, ""10"": 11752, ""20"": 51, ""30"": 658, ""40"": 7607, ""50"": 31, ""60"": 322, ""90"": 1123}",34185
ganjam,surada,jirakua,"{""0"": 24798, ""10"": 15995, ""20"": 80, ""30"": 1433, ""40"": 1158, ""60"": 56}",43520
ganjam,surada,jyotinagar,"{""0"": 21362, ""10"": 6816, ""30"": 200, ""40"": 16697, ""50"": 3, ""60"": 268}",45346
ganjam,surada,kapakhal/palakatu,"{""0"": 45426, ""10"": 13450, ""20"": 82, ""30"": 2936, ""40"": 18895, ""50"": 200, ""60"": 1252, ""80"": 893, ""90"": 26}",83160
ganjam,surada,khajuridiha,"{""0"": 1872, ""10"": 2997, ""30"": 83, ""40"": 2, ""60"": 10}",4964
ganjam,surada,kutuliguda,"{""0"": 5182, ""10"": 4851, ""30"": 3524, ""40"": 1667, ""60"": 40}",15264
ganjam,surada,laxmipur,"{""0"": 40248, ""10"": 15235, ""20"": 52, ""30"": 3608, ""40"": 14843, ""50"": 241, ""60"": 1451, ""80"": 746, ""90"": 2}",76426
ganjam,surada,lekapanka/,"{""0"": 169463, ""10"": 147815, ""20"": 62, ""30"": 10078, ""40"": 5983, ""50"": 7, ""60"": 92}",333500
ganjam,surada,madhurabandha,"{""0"": 41738, ""10"": 867, ""30"": 749, ""40"": 44369, ""50"": 228, ""60"": 324, ""90"": 141}",88416
ganjam,surada,malingapur,"{""0"": 5426, ""10"": 779, ""30"": 11, ""40"": 5446, ""50"": 32, ""60"": 43}",11737
ganjam,surada,mandiakhamana,"{""0"": 105, ""10"": 378}",483
ganjam,surada,mankadachuan,"{""0"": 23391, ""10"": 5514, ""20"": 21, ""30"": 2941, ""40"": 13790, ""50"": 340, ""60"": 1031, ""80"": 690}",47718
ganjam,surada,mankadachum/goudagot,"{""0"": 5797, ""10"": 734, ""30"": 35, ""40"": 5710, ""50"": 27, ""60"": 51}",12354
ganjam,surada,mankadakhari,"{""0"": 4970, ""10"": 4723, ""30"": 354, ""40"": 192, ""50"": 2, ""60"": 155}",10396
ganjam,surada,nagar),"{""0"": 4880, ""10"": 3872, ""20"": 6, ""30"": 114, ""40"": 344, ""50"": 12, ""60"": 12}",9240
ganjam,surada,nepapadi,"{""0"": 7984, ""10"": 405, ""40"": 9282, ""50"": 1, ""60"": 148}",17820
ganjam,surada,ora,"{""0"": 3042, ""10"": 4850, ""20"": 7, ""30"": 528, ""40"": 1444, ""60"": 159}",10030
ganjam,surada,p.,"{""0"": 6838, ""10"": 6274, ""20"": 10, ""30"": 1672, ""40"": 7909, ""50"": 21, ""60"": 154}",22878
ganjam,surada,paniamba,"{""0"": 8602, ""10"": 3712, ""20"": 3, ""30"": 1291, ""40"": 3807, ""60"": 82, ""80"": 53}",17550
ganjam,surada,parsuramnagara,"{""0"": 85, ""10"": 295}",380
ganjam,surada,purunajadapalli/kullangi,"{""0"": 11589, ""10"": 3874, ""20"": 12, ""30"": 2760, ""40"": 6547, ""50"": 101, ""60"": 1034}",25917
ganjam,surada,rajpur,"{""0"": 86357, ""10"": 21824, ""20"": 79, ""30"": 4621, ""40"": 45236, ""50"": 518, ""60"": 1172, ""80"": 465, ""90"": 32}",160304
ganjam,surada,sagada,"{""0"": 5349, ""10"": 10592, ""20"": 2, ""30"": 1300, ""40"": 190, ""60"": 1427}",18860
ganjam,surada,sandhabali,"{""0"": 44782, ""10"": 11813, ""20"": 35, ""30"": 4409, ""40"": 1955, ""50"": 8, ""60"": 290, ""90"": 2}",63294
ganjam,surada,toradi,"{""0"": 537, ""10"": 744, ""30"": 9, ""40"": 12}",1302
ganjam,surada,upar,"{""0"": 8274, ""10"": 15653, ""30"": 1212, ""60"": 480}",25619
